Dim_1	Dim_2	YTest	Model
2.2567788685711156	1.7701351842386759	1	1
0.36823905477149643	1.3324720228990854	1	1
2.957783657132708	2.4354275416060123	1	1
1.6790601797214901	1.6621570840181228	1	1
1.7164857185011337	3.562832581508557	1	1
0.2244632270758981	1.2285125067945168	1	1
1.5191824518314754	0.06416834902007255	1	1
1.5048301945811198	1.8351308373889756	1	1
0.7186576048508445	1.6350328060237147	1	1
1.3116839136262308	1.245022290005084	1	1
0.4226323155424072	1.5649880547868207	1	1
0.6445644227592722	-0.09459236524402569	1	1
1.451783424984705	2.716066485397543	1	1
2.6054699226859124	3.1742910820165453	1	1
1.5845154232041427	1.3842868835157198	1	1
3.003299331309479	0.6016807208264773	1	1
2.6264708441387623	0.17529863875495622	1	1
3.362591688657406	0.8070733089940999	1	1
0.11172711212215991	1.4983616235664292	1	1
1.724241722005578	0.05131688790368215	1	1
0.7784838845267991	2.4731011836777586	1	1
3.0000871670404994	3.3995833406453024	1	1
0.9922487033578324	2.766162529236871	1	1
2.2969022858541805	2.4643188408235708	1	1
0.21639011612252232	-0.3523858514650364	1	1
1.1873711574412846	1.279074762167958	1	1
1.0001078444768061	1.1388069142161694	1	1
0.7217382904141818	2.6448059362970375	1	1
1.151416990183151	3.2515793712242664	1	1
0.7236383304244911	3.608404571602405	1	1
0.5918807385484509	1.0392922042885886	1	1
1.6670127622681843	2.9269119515204314	1	1
1.9363386688697268	2.4811829945581385	1	1
2.6577179315590262	2.9997977724174723	1	1
1.93455202793881	1.7643131000993095	1	1
1.275296518465732	1.4004015161970433	1	1
1.2277827658479192	2.701790425904097	1	1
0.5757887940580381	2.3585381160338508	1	1
2.5391500308502675	2.917177412042311	1	1
1.3156801174005959	1.1207507653793654	1	1
1.253849861583925	1.9948507331790646	1	1
2.056399354717351	0.9192687551036278	1	1
1.8582516059584753	2.186863512985507	1	1
-0.21717502889250884	1.1203602494379483	1	1
1.0707664378820945	2.4148400128945453	1	1
3.8721437544042763	3.073561325685092	1	1
0.3797317141243487	2.59617903727549	1	1
1.2915698581746762	2.742850816826907	1	1
0.6370222626959904	3.8308692132178863	1	1
2.002786855107533	2.00551357021812	1	1
1.2453861509280908	1.78552745887477	1	1
2.9404597821700804	1.6215394511599779	1	1
2.7449301019310397	2.3662611763305064	1	1
1.0578008411817563	1.1106394216262117	1	1
1.2227139464078671	1.1063717894867837	1	1
-0.47699755513374753	1.2066542149613972	1	1
1.2021253119655027	-0.003966333573911149	1	1
-0.3697935348822633	1.6720469772943527	1	1
2.0771783442301834	0.8772887763367899	1	1
2.014517819348821	3.795818029237928	1	1
2.1968813098080773	2.8318805750551053	1	1
0.3081845043082114	2.0982715038297872	1	1
0.16144922660021493	3.3027630609020133	1	1
0.8114120873169771	1.5808794926887384	1	1
0.9610267553903549	3.145150781620918	1	1
2.4793872523261	1.4100926108910812	1	1
2.637824282496932	1.0462988644972924	1	1
1.2932718681939441	0.1258342634553199	1	1
0.5164965237161355	1.9757307880599067	1	1
2.1834569222086277	0.34289909695212534	1	1
3.789802550774682	4.097731516881087	1	1
2.6219638541122037	2.736387011004574	1	1
1.2087459416734467	2.5166559621971536	1	1
1.5397179014122346	2.690654900151826	1	1
0.9710694945155288	1.3518163140449126	1	1
0.4121896769926874	1.6716282355271375	1	1
1.150712860540349	1.427074972225673	1	1
1.816120247448819	2.4184107413420097	1	1
0.6712152478479086	3.2501559871664996	1	1
1.391622504239493	1.4644252750268745	1	1
1.4848080017161438	3.2733786481225007	1	1
-0.06872889485081572	0.5710437109542811	1	1
0.13850298187595944	2.2904680287655146	1	1
0.21854796662789736	0.5304161184416131	1	1
1.0563182500945516	1.9795151765805108	1	1
1.2063006188993557	2.2682422476299506	1	1
1.5681005980411749	2.818324972064523	1	1
2.174305238968222	1.9198033356262822	1	1
0.3471439490049117	1.958999077486343	1	1
0.773699706619636	2.5105488111898246	1	1
3.0561059939882242	1.4759784869846264	1	1
1.7109062684956706	2.959898622092425	1	1
2.1705567371940306	2.639489435694203	1	1
1.8538226202849335	2.2399089833282706	1	1
2.5678361326617574	0.5802456402077467	1	1
1.207302876638136	0.5809432837172361	1	1
0.9934017442305899	2.7511687754279954	1	1
2.834954397892453	2.0358368646499416	1	1
2.038796950597634	1.1395838876629616	1	1
0.9837725614908409	3.3556758407117515	1	1
0.6451155069509601	3.3265673870139167	1	1
-0.03286725212597471	2.4788463879546514	1	1
1.4328313057159312	2.3215144306360083	1	1
0.11375209787322127	3.273225806090832	1	1
3.235400734891828	4.644653570198235	1	1
2.222039311943324	2.050691298775976	1	1
0.9362822268087713	1.8850960790499605	1	1
2.8989036655120177	3.4277118284708	1	1
0.5018324290997762	2.883653166665119	1	1
2.3474180116078016	0.37913252299677735	1	1
1.6987156846808729	1.1797584085575572	1	1
1.8317602186483966	0.8695767664843828	1	1
0.899950471257564	1.9153449960110747	1	1
1.3581255434197297	1.3777102817102507	1	1
3.3127821365094996	0.6472184748762492	1	1
1.6151950188327158	3.36530894859722	1	1
2.8710799548454866	1.988219781419181	1	1
1.544237871763462	1.5219881356978588	1	1
1.9516888537879022	2.1440376447027907	1	1
1.466262701140115	1.3329742544841021	1	1
2.2928585431336237	0.48126699705052267	1	1
0.6528817011944543	1.2882750471109554	1	1
1.0965498624939491	0.7760337808892174	1	1
0.9033576530710987	2.287301027047301	1	1
2.3371048316793286	2.6715977522904684	1	1
2.6708855080522307	0.11945432996479788	1	1
0.5222829788009766	2.209555859396057	1	1
2.7161785984759086	1.1504467958671847	1	1
0.806950789297114	1.6696068288396857	1	1
-0.03464761673263015	0.8674143845918512	1	1
1.812242019403887	2.82483934277528	1	1
2.1363033272610026	2.841718791959192	1	1
0.6148382036869187	2.358207842533808	1	1
2.1585915550462467	1.674233478723792	1	1
0.3108407617040618	2.322516448486422	1	1
1.1571192936629822	2.385960225726355	1	1
2.6906724656437424	1.2514150761649856	1	1
1.725075959193071	3.63249409324581	1	1
2.29913159457398	2.738071924196098	1	1
-0.29948415288690877	-2.839548770870482	1	1
-0.08267902220556214	-2.5456458006205605	1	1
-1.5764486587343647	-0.13489084282170438	1	1
-0.47291446516393754	-1.7871350652745965	1	1
-1.2479890371846123	1.3544526125470917	1	1
-1.4783370170285877	-2.300443542438412	1	1
0.3097715935684245	-1.3241118917230381	1	1
-2.858985503598447	-2.071514994037982	1	1
-2.351580038134607	-1.8944921565527013	1	1
-1.9112870308469339	-0.3717188054693446	1	1
-1.6523255297175676	-0.8983263363409859	1	1
-2.105667052652859	-3.3751480724255067	1	1
-0.8716673883669779	-2.3888717078865986	1	1
-2.662293297867438	-2.8299919217703335	1	1
-0.8384592499460367	-1.7093214258644327	1	1
-3.251666066321074	-1.858405231230185	1	1
-1.5990559040325627	-3.246911568250557	1	1
-0.2790178628957697	-2.6108173326587067	1	1
-1.8748539878095958	-3.6873168556125857	1	1
-0.010655419695362378	-1.5577586888441253	1	1
0.3698200130754556	-2.7100965626688924	1	1
-1.3289059341490823	-1.625721060058411	1	1
-0.8195436394323492	-2.608304334611188	1	1
-1.589420893398884	0.1224829052217521	1	1
-2.5511479487347044	-1.681324582741439	1	1
-2.1148795641985934	-0.28061201099000854	1	1
-2.172774959813271	-0.9115490372892942	1	1
-1.1386513769181308	-0.8363258054502011	1	1
-1.7625248881325968	-2.083551416227613	1	1
-1.369765159841164	-2.163408880449844	1	1
-0.13772544933284414	-3.6063448305095327	1	1
-1.1950018554557182	-3.8761182040091398	1	1
-1.4681051901618654	-1.7335037501515045	1	1
-2.5764095912930016	-2.3846075885637754	1	1
-0.8364833341976542	-3.9200189861497035	1	1
-3.0803032996188118	-1.1247694587466368	1	1
-2.059868086861446	-1.9769813737845419	1	1
-0.9590739388959415	-3.110877484259271	1	1
-1.3190208153903529	-1.4683464195926017	1	1
-4.5676107028688495	-3.6004226920058877	1	1
-2.5946337000607063	-1.130337500888843	1	1
-1.3783429890437808	-1.6811851720140896	1	1
-2.3340902974626014	-0.9480869767118575	1	1
-2.356894707385786	-2.076101370620568	1	1
-1.694687672851493	-2.615738290125733	1	1
0.5154089310072475	-4.099842460861998	1	1
-3.200524018907262	-1.9223130224206644	1	1
-1.2833306388115067	-1.2442137084923224	1	1
-0.20340560022699583	-1.7598273793725088	1	1
-2.334795974012561	-3.1342615446601365	1	1
-1.443127918189945	-2.1859857133463043	1	1
-2.8486983792378484	-3.4553441203126423	1	1
-0.5901242866345442	-2.982803001375477	1	1
-2.7355494921428103	0.2530508391878403	1	1
-3.19445314588629	-4.307520545945503	1	1
-0.5823307571915792	-2.544481914300953	1	1
-1.2246367955233028	-2.6629972552210286	1	1
-2.476910528772453	-0.12564051419140512	1	1
-1.668279637203973	-2.339271190293167	1	1
-0.9386467533569982	-3.016759966838564	1	1
-2.311246847966172	-1.9419159199397396	1	1
-1.5415219890814462	-4.2837532100512155	1	1
-1.6560788828946793	-0.465264980054376	1	1
-1.730986745083986	-0.553464315740168	1	1
-2.44780225226734	-2.5883001233924308	1	1
-1.786834979849354	-3.5400130612103133	1	1
-0.6349192492569561	-3.7375415100772975	1	1
-0.28985561710056545	-1.941935188641643	1	1
-2.084564454465319	-3.045060255033244	1	1
-0.47361225832818415	-2.810992899702877	1	1
-0.12401365271173657	-1.8800809777140775	1	1
-1.8799032402905163	-1.3328814673145888	1	1
-1.7647466101930345	-1.1241161286229844	1	1
-2.2542412915395524	-2.0965351788167803	1	1
-4.2314216033420236	-3.0372235458138888	1	1
-0.9735214861310366	-1.078258975562857	1	1
-0.26038389492790076	-2.4217404053535554	1	1
-3.0655606892367513	-2.441859985919639	1	1
-1.7997447726875908	-0.6043468603528802	1	1
0.4805997476613579	-2.2433039466340987	1	1
-0.9399926505508803	-0.8496753260414651	1	1
-2.4553552123426092	-0.9258005838477711	1	1
0.37430986166184116	-0.9301587590982098	1	1
-2.191579863486595	-1.6269398295136177	1	1
-0.37172609380363997	-2.491668228415734	1	1
-1.9808835552976898	-1.455940637912612	1	1
-1.3230237533836953	-2.2406640043793593	1	1
-0.5809806551567132	-0.032641661289635804	1	1
-1.0496512233206123	-1.661116014945739	1	1
-1.307415225317851	-3.2068727729471473	1	1
0.4980715982435033	-0.5960642248599359	1	1
-1.6890443745864605	-1.416674561434141	1	1
-1.270142706287657	-2.95555515737073	1	1
-1.2008353722057277	-1.7973586535643593	1	1
-1.9452499117579647	-2.770866400241977	1	1
0.25276843460758913	-1.683235310158963	1	1
-1.5075773351100936	-2.1416966639825175	1	1
-2.152382871850259	-1.62874780700119	1	1
0.1430275223811234	-2.1225418406965706	1	1
-2.280406162135006	-1.4960468635192732	1	1
-1.233149225524421	-1.8771476683280597	1	1
-3.6244318316092934	-1.416612682541189	1	1
-2.009871772833983	0.12216596727434335	1	1
-0.8079805276245108	-0.6563805343036923	1	1
-0.5788072804921991	-2.2311612197261685	1	1
-3.301018262129479	-2.3286404800128717	1	1
-1.4272067187748	-2.3556496675282608	1	1
-1.1851815066270746	-1.4015949756082098	1	1
-1.2234186770642284	-2.9978300411869014	1	1
-2.2806473242299514	-0.7601282422362421	1	1
-2.8185965800713553	-3.1639792973395946	1	1
-1.8160758524835305	-3.036006024353673	1	1
-1.804020415440597	-0.5411766965049182	1	1
-1.6260169301070735	-1.9272581179571526	1	1
-1.6163707646657417	-0.01995113515045962	1	1
-1.1635790910694583	-3.0459755595641558	1	1
-2.4588962087870296	-1.4474826780111747	1	1
-1.2839232459425796	-3.428235389575452	1	1
-2.5327794486991237	-0.7783210664921311	1	1
-0.4595885775940243	-3.0502009567893698	1	1
-0.9209389122601571	-0.8306074576862892	1	1
-1.9156500515017785	-3.009743436746305	1	1
-1.698479283661671	-2.85366675587782	1	1
-1.5158628161714947	-1.2673313963309008	1	1
-0.6095242638390501	0.20981461445064423	1	1
-1.3923743422645138	0.3647729703583403	1	1
-1.9604075255568716	-2.3754821432909283	1	1
-2.1047167801484163	-1.2953064777593046	1	1
-1.183185124981292	-0.2365331481043917	1	1
-1.6572391649131342	-1.0265576164146977	1	1
-3.437467887156164	4.373765757276161	2	1
-1.9303420682866688	2.34537513402136	2	1
-2.112238200489872	2.662507754085002	2	1
-1.541248088609964	1.8060448785837546	2	1
-1.4783885218116983	-0.3903840933557649	2	1
-2.48582465375514	2.4459707470490537	2	1
-1.9816293762798531	0.5082495372012859	2	1
-0.7721674169770313	0.9005380450162166	2	1
-2.698923909720153	1.3391715338133947	2	1
-2.1561967126354484	1.1072042102886717	2	1
-0.8807337303116964	2.3644752824024575	2	1
-0.6342718474970731	1.322393135860024	2	1
-0.7764843394464594	3.0613377736973	2	1
-0.7906585975968001	2.270454187900534	2	1
-3.5395017124381454	1.2268296254588267	2	1
-0.622247073389788	1.0628293566553417	2	1
-1.7098107110293266	1.7681800226421454	2	1
-3.1015424458799	2.3605287130348653	2	1
-2.010133682249064	1.3041423782355035	2	1
-3.8909781834840893	0.39999710735101673	2	1
-2.340797503258713	1.215995230037829	2	1
-0.18458954776058978	2.7699462103367822	2	1
-2.3995294399147005	3.796898442721008	2	1
-0.4655063188922867	0.8344038939706382	2	1
-2.332898787193222	4.745392620775177	2	1
-4.4916591288056535	1.3229287617055874	2	1
-0.7985152392951429	2.2297351541141293	2	1
-0.9771460445947557	2.7022551156314383	2	1
-1.3920487903133358	1.068458434184102	2	1
-0.12258316912073257	0.25195531472623106	2	1
-2.121534215566989	0.7348045080749621	2	1
0.6626479612853552	0.6434615207516043	2	1
-2.5807024691329743	1.6317397997825258	2	1
-1.8141715207560176	0.5376231811781536	2	1
-1.8579348266855815	1.536758976452827	2	1
-1.3763216860459948	2.120961351619791	2	1
-5.552228425796164	2.2791582284114877	2	1
-2.382400280765216	1.3761181364384962	2	1
-2.5024585219273927	1.2524561084190886	2	1
-2.916643311792925	1.1434611136074107	2	1
-3.620990631806343	-0.45423222884775327	2	1
-1.6119210227350036	0.8519543998012549	2	1
-1.6671870837723703	3.6042750702497806	2	1
-0.5202796279992604	1.1095733864059798	2	1
-1.9929680224927355	2.043525254937319	2	1
-0.7211479530969074	2.87872719047035	2	1
-1.269376052697452	1.4912006338010548	2	1
-1.2957918837777886	1.3144012258155733	2	1
-2.238070856914438	1.5687372847186087	2	1
-1.3161461627033082	1.083723023313399	2	1
-0.42281730228781916	0.35703727859311396	2	1
-1.7191843203432309	2.822119326169584	2	1
-0.8134591713043158	1.1368517654837456	2	1
-1.2082378259080362	0.7206175371885151	2	1
-0.6193547229656888	1.0970781275791235	2	1
-3.4119793027342906	2.0820021364115977	2	1
-0.617322452634807	3.432252012640471	2	1
-1.4630661476473454	1.8700564558762434	2	1
-3.688824108684877	4.13626269600751	2	1
-2.351175409386178	-0.2628395556447089	2	1
-2.8823485592901528	2.759346068617281	2	1
0.252508743373907	0.5093673161369001	2	1
-1.0232723396698393	1.9881602791349342	2	1
-2.6667908704600083	2.4951530544657983	2	1
-2.6186417993259385	2.723622516943471	2	1
-1.262422819283673	1.700952247114506	2	1
-2.419089027202191	2.0256944577420017	2	1
-1.193647168280528	1.7281081946865742	2	1
-1.3235054663609145	2.049493319931367	2	1
-2.2861496798841956	0.8003909373481635	2	1
-2.2282192656664703	0.2863854344533766	2	1
-1.6369787458791705	1.9247368736441204	2	1
-1.511692508853024	2.0431966924478147	2	1
-2.9079942772551286	1.7687535986041245	2	1
-3.211352212281891	2.1487931242180727	2	1
-2.028525532651665	0.3141958193429669	2	1
-4.462761394115191	2.038591310411291	2	1
-2.2320722067664986	0.8968233412727848	2	1
-3.0052069198829834	1.5730855613882069	2	1
-0.9671910022758315	1.1213559599020657	2	1
-0.4613323672081069	1.3590915919511979	2	1
-1.7855642800945208	0.5410814539247425	2	1
-1.4700775929862622	1.9706255789779845	2	1
-2.444815432588634	2.169715855599455	2	1
-0.8668569084072231	1.8590587098554172	2	1
-1.0739132630229158	0.44196014477647955	2	1
-0.9776267945518119	1.2054394667984993	2	1
-1.0377039779417858	2.4586190584398464	2	1
-0.5631743653416749	3.076621270413357	2	1
-3.135400740924113	1.6930581341792363	2	1
-2.1318391842667364	1.6310294248854977	2	1
-2.0729467446231307	1.564895197081522	2	1
-2.454723100500981	2.6499587871798704	2	1
-3.459450512048569	1.442622663759515	2	1
-0.7380727910691222	2.330297772965845	2	1
-1.6190023714962065	-0.27911474609077025	2	1
-1.7761590055796639	1.8268721838295285	2	1
-2.931910982381027	1.1003868725353154	2	1
-0.863935997062833	1.3900954018505092	2	1
-0.7184153288261096	0.38322364593264	2	1
-1.8451176693831228	2.649735089501708	2	1
-1.719703004576534	1.7222945755162549	2	1
-2.95004219788888	0.6153245465533415	2	1
-1.7212735760988478	2.4538084003614133	2	1
-3.194889158302737	2.35617006456724	2	1
-2.41001973041503	2.2167672025746863	2	1
-3.7564456013553014	2.3959987668612595	2	1
-0.8045780876045742	0.46581884057297235	2	1
-0.7411481343090396	1.7646377545474952	2	1
-3.946597619055955	0.06641167489909261	2	1
-1.5575541670944677	1.8739425061622557	2	1
-0.48655830523511134	0.01395774211006829	2	1
-0.17288135916653644	2.0785774210463925	2	1
-2.1914715717015323	1.284118203136624	2	1
-2.903371622525245	3.4341272920862087	2	1
-2.3630909431858536	1.2539363317909586	2	1
-2.3810789565201995	2.354891112350768	2	1
2.815720863061267	-2.27464137144032	2	1
2.7393163224939028	-0.3933110154152449	2	1
2.0017146445128104	-2.441046926945251	2	1
1.5772852074657913	-2.5365907193557464	2	1
1.7772678707080947	-0.09832619518443708	2	1
1.787355276111683	-3.2837032013718765	2	1
2.7650768599037887	-2.105122569540855	2	1
2.8272135205046647	-3.616916426711004	2	1
0.7877666082836237	-1.5044080841404373	2	1
2.9433332216874963	-2.3288410512968127	2	1
4.613885731733908	-1.9961626372509458	2	1
2.187170426620427	0.05509514783332983	2	1
0.5664521949709237	-2.903838153699252	2	1
0.18966444725334347	-1.0740264104319244	2	1
2.1612190362788035	-1.1810081341033423	2	1
0.9221972087107638	-2.8896326609036125	2	1
0.976667795716864	-2.3009253354957266	2	1
1.374184326586199	-2.2177915592486452	2	1
2.2963182588922937	-0.44143691157285236	2	1
3.133517139796101	-0.9841492358274406	2	1
1.8878541204237311	-1.3226574162028544	2	1
2.909672472941111	-1.8567417092191174	2	1
1.1712377438592554	-1.309707246033113	2	1
0.8379193362867261	-4.7679422979742805	2	1
1.4121710192107637	-4.4229510707688515	2	1
1.734481714875674	-1.599857781494243	2	1
1.9524909155312817	-2.5257174015506094	2	1
0.9533262402752515	-1.2561917675410863	2	1
2.584737084942801	0.5531245624897403	2	1
1.9739207967264207	-1.530511902400508	2	1
0.4318396844419776	-4.088158307065886	2	1
1.8903297673805661	-2.739917253828822	2	1
0.7193123290805302	-1.6274860591027127	2	1
2.9318766757601	-0.3555541995310766	2	1
1.394647868458874	-2.223081011213612	2	1
0.7582462642191878	-1.6131765276259813	2	1
1.758609672600319	-1.178787728408688	2	1
2.437426959253818	0.5758233874114156	2	1
1.5705132236433414	-1.0491761621039875	2	1
3.258995617605125	-2.0310788117342	2	1
2.7647057936718067	-0.020325357276946017	2	1
3.708238107230573	-2.0387648465133488	2	1
2.1107432533354005	-3.1489577029029476	2	1
1.6590477414338833	-1.3546232685002813	2	1
1.125043997422912	-2.2802039027837187	2	1
1.533547497361526	-0.5568527930452427	2	1
0.9449874954846519	-1.0049136579221463	2	1
1.6425964520096599	-0.37357427848716124	2	1
3.287838115594659	-0.9280914423599581	2	1
2.729596998124675	-3.7023036191377887	2	1
3.211558702247025	-3.051721345595018	2	1
0.690132250060499	-1.9024589856141463	2	1
1.7283177391038123	-0.9000389591287897	2	1
0.8107229396977427	-1.8770230147301648	2	1
2.651808727620112	-0.898981212937691	2	1
2.7921673037571377	-0.49462625108920827	2	1
2.1869975660526455	-1.3391408169280525	2	1
1.3425936109349177	-0.002182338348532025	2	1
3.0496566156981593	-1.7977864642176322	2	1
2.1929135342747985	-1.0809176467897663	2	1
3.4768759598986554	-1.889822207448194	2	1
1.8019274244387529	-2.9264934246394847	2	1
2.4918649990430835	0.16606489045567374	2	1
3.314231570520081	-3.6579582884215047	2	1
2.745799802181419	-1.2933749999126976	2	1
3.816261451965554	-2.6732352812363134	2	1
0.2857186889452442	0.9033791342285483	2	1
2.8568972023196504	-2.5621840223629913	2	1
2.394475051639095	-1.6417015151352483	2	1
1.282000582547688	-2.6106654729725762	2	1
3.594848956437341	-1.4840893358677227	2	1
2.353902922993294	-1.6407422943582988	2	1
2.091777832027557	-3.3389807350647818	2	1
0.38898184666787433	-1.4078618237328433	2	1
0.31095016467571374	-1.7173762865795585	2	1
2.290240760299417	-1.7834565193982745	2	1
1.1679643596710776	-0.29227661791545684	2	1
3.1642145771035395	-2.5502815577841256	2	1
1.6947726024571972	-0.8220680655477177	2	1
1.995731926691977	-1.3306133069095423	2	1
2.7198428820184355	-0.3775661416975817	2	1
1.0484046048272517	-2.8975606822746336	2	1
4.2596192187560105	-1.2406842198041759	2	1
2.7370989641419334	-2.5935985560267127	2	1
2.2980283643682173	-2.988068878905297	2	1
1.6897342037100476	-0.5530836370999239	2	1
2.8591448701457094	-1.98307435590434	2	1
1.6253254334973928	-2.195709716810978	2	1
2.384549768546564	0.21529296233556836	2	1
4.657264636178705	-3.2946998955263296	2	1
0.3899435303869031	-2.1607252924219367	2	1
1.4219591075849978	-2.053189348343303	2	1
2.4426585414584037	-0.6883540183153316	2	1
1.8719274818274112	-2.1253880810647194	2	1
2.669148236112007	-1.6458134778948073	2	1
2.7436141158772522	-1.9898476271912688	2	1
1.5372499992212538	-1.7483680595962796	2	1
0.10111282519567288	-0.9546163972240264	2	1
2.8442324590853403	-1.002131542835055	2	1
2.1448932564808203	-1.3187974931063775	2	1
1.5973084776195219	-1.5755364436762065	2	1
1.823300302829322	-2.4569067937088342	2	1
2.22050298079083	-0.964983134845464	2	1
1.1902631714514809	-1.2432784418053964	2	1
2.2973687591247742	-3.9690781265760835	2	1
1.704295076990396	0.2738166353450812	2	1
0.7282379873743657	-1.2979594240051573	2	1
3.2968964544439814	-0.9553524638676657	2	1
3.0976052847889366	-1.0597192711950285	2	1
1.4521555262469152	-2.465727922644913	2	1
3.226993671106097	-0.961465929441834	2	1
2.466945684645288	-0.4750560439824919	2	1
2.1109061642586493	-0.9714627845167086	2	1
1.733532031014196	-2.0096011523006867	2	1
-2.3046485448050684	0.3136985175930478	1	2
-0.4661916084118274	0.04457738941432006	1	2
-0.6325696369878747	1.0810182257402456	1	2
1.4823297274755354	-1.104670691072881	1	2
-1.045820570760676	-0.3864799398871639	1	2
-0.48266346035139723	-0.36113981436906323	1	2
-0.455990440249764	0.2987777006433222	1	2
-2.7043462500400706	0.026308721334529005	1	2
0.8189155001716759	2.9256275858918532	1	2
-0.5400877573338214	0.21401613932444835	1	2
4.061768151290114	-0.11115936137680374	1	2
-0.2643149379526792	-1.0163597386406147	1	2
-0.9455516618485091	0.5132476552150974	1	2
-0.6790929109920212	-0.5233811332244557	1	2
2.1446658331986237	-0.9744529573063562	1	2
2.790820651789225	0.21660706136471936	1	2
1.0530816480588743	0.686486471852608	1	2
0.019727956126578683	0.7756290722368725	1	2
0.5085199195872047	-0.7198271682413346	1	2
1.3457475334200066	0.018328521006213037	1	2
-0.08116626866529245	-0.09496072311903474	1	2
0.36230188586440937	0.9661310344563668	1	2
-2.8845514986856955	-1.349580688300752	1	2
-1.3008636230334905	0.18876706638816249	1	2
0.848556056716981	1.0628440682732385	1	2
-2.8030106899612335	0.8237128079926048	1	2
0.9380987659693775	0.28719893921802325	1	2
-0.4798166391600894	0.8183173295291286	1	2
-1.4969871037217606	0.8160796684720046	1	2
-1.0166351640996567	-0.13739042625690145	1	2
-0.6085011018891102	-1.3867223093146652	1	2
1.1042194638669511	-1.0509638760820978	1	2
-1.084656578482346	-1.0495660325545597	1	2
0.4474310066366688	-0.7022311986765397	1	2
1.0793522480851947	-0.635683842331642	1	2
0.05756231104003828	-0.6114461420853787	1	2
0.9829093723596656	0.020960772775365	1	2
-1.960622662154014	0.06124277498878547	1	2
-2.523668277767577	-1.5475737964892642	1	2
-0.4724168322908089	1.5766071157139572	1	2
0.9698460542154571	0.8460726793181731	1	2
0.8347434485079221	0.3287496058166288	1	2
-0.7314773895554261	-0.8847965886224065	1	2
0.7940348326228801	-0.6611727635110405	1	2
-2.433242324125018	-0.5682893635249833	1	2
-2.779342944775688	1.7199628864500365	1	2
-2.1449708963520804	-2.1852363107854464	1	2
-0.741357080839368	-0.4833457053103762	1	2
-0.7667541518978663	-0.106982857680933	1	2
0.01770563301319359	1.8222566648993994	1	2
1.1327105288480317	-0.19982312964204013	1	2
0.05526069981747475	0.9668380043637214	1	2
-0.8829593745857822	-1.094108161466906	1	2
1.2188573998839498	-0.25324346706622625	1	2
1.511649667938731	-1.0425540431898093	1	2
0.42168327391469074	-0.24723290667077238	1	2
0.9434562162004202	-1.4227224016614992	1	2
0.437696790278462	1.5671439280383386	1	2
-0.5814472011291575	0.9564594782211598	1	2
-0.8164485315068022	0.4261777877772102	1	2
0.856184488328588	-3.237759284739583	1	2
-2.719292236479015	-0.8360159241354911	1	2
1.3967862388803298	-1.8768966346280183	1	2
0.32006826930644416	1.3276212990379161	1	2
-0.6854857733060655	-0.4992031942686399	1	2
-1.8379329406716536	0.054805181824344545	1	2
-0.8704826740547378	0.30949044447348883	1	2
4.505411174135346	0.7866064756552557	1	2
-0.9571438267403257	-0.7153923564519158	1	2
-0.4026089086217659	-0.18519020314700868	1	2
1.1980831900420907	-1.2515194845486515	1	2
-0.7625662394872155	-1.7898241448708132	1	2
-0.8548306317241708	0.7024941472685903	1	2
1.0708163166861084	-1.8661387744463998	1	2
-1.1072097813466895	0.3655499115412886	1	2
-0.22208299952553	-0.9592231199995519	1	2
-0.45429757476691596	1.3726192846553864	1	2
3.787320191190906	-1.94263594881698	1	2
-0.3367857730275156	-0.6212937680884104	1	2
-1.1748011634313158	-0.9829995737426339	1	2
1.1305510287308036	1.2745963213550797	1	2
3.5191370177404684	0.7744398077208298	1	2
1.149191264910867	-0.7547529849625775	1	2
-0.7326139621142284	-0.8214330825898037	1	2
0.5540798229118171	0.8900363472086185	1	2
1.7365522346261666	-0.8635597092228297	1	2
-1.1834930240043522	0.053906564774808166	1	2
-0.4067434122098964	-1.2137106336455052	1	2
-0.2690142204824095	0.747323652616241	1	2
3.897221919489892	-0.07428791819568263	1	2
-0.677151300983835	-0.47368750994824693	1	2
-0.784159763580768	-1.7159051180734544	1	2
0.47017410691936656	-0.27525976793437085	1	2
-0.7684215781972953	-0.6392739005130673	1	2
-0.32264674792434994	-0.3695591908093345	1	2
-1.6694547471279257	-1.1488775234685658	1	2
1.6984245434762495	-0.07089773269353053	1	2
1.9224838580213985	0.7422393840890078	1	2
-1.1398720700870115	-0.13195939829964676	1	2
-2.2374054868336497	1.2383600575148572	1	2
-0.6407952543939222	-0.5739981228922774	1	2
0.16003468957297096	1.7806349918638071	1	2
-0.6932933378826855	-0.6606138151448566	1	2
-0.6335419849335607	-0.42113624420389445	1	2
-0.7884125861964532	-0.8648924129531251	1	2
0.2984878827614561	1.750043028179647	1	2
-1.8319229810578002	0.6065470215922949	1	2
-1.4849203615096362	-0.08836637817857175	1	2
0.6491268803580015	-0.8070109636090788	1	2
-1.0542870149851673	2.2671398751378926	1	2
1.3460052154401918	0.4531807308525151	1	2
-1.2871801254142685	-0.5391865927914801	1	2
1.6291784707342425	0.9485158174539813	1	2
-0.883312139401095	1.0526656195974093	1	2
-1.471502164509043	0.10372137918196746	1	2
-0.6789781429423347	0.2832398710864219	1	2
-0.7746740564366391	0.6341406007456165	1	2
-1.1374024282719302	-0.767661944339865	1	2
0.9709414752214767	1.2236533859364718	1	2
-0.4888245416886048	0.024214005288061557	1	2
0.007983961159199512	-0.5996000167191075	1	2
-2.766167521044997	0.16934684238389805	1	2
0.30865910424876164	1.8054026517018809	1	2
-0.17262983903945425	0.7461989410524353	1	2
-1.511809463121213	-0.5941052467348175	1	2
0.4597038124458211	-0.5486294794738252	1	2
-1.1023012774515908	2.2519788824924887	1	2
0.6910576255905071	0.6333704315435505	1	2
-0.5769898511894679	0.6822450624952666	1	2
1.440589346779596	-0.3755010829628389	1	2
0.523302693039942	0.29818693723725803	1	2
-1.8801667369720028	1.1461823653299428	1	2
-1.4561016299485758	0.185283181190105	1	2
1.74737233355078	-1.0884460606174506	1	2
0.5649518395038015	-0.22538208368934937	1	2
0.5003840335771018	0.756324882833369	1	2
0.5846171936565245	-0.33474288569448396	1	2
0.9919216129418308	-1.4125413949723704	1	2
-3.8265000248719105	-0.3171477315482546	1	2
-1.2870371230102722	1.1101298388179304	1	2
0.22982517991412488	-0.7469751533289044	1	2
1.562062562947118	-1.412832631533708	1	2
-0.7283075823764642	-0.5145409400994273	1	2
-0.6877478877067529	0.6099995529734946	1	2
-0.49957105097243926	-0.34394744133367117	1	2
-0.2999318889882015	-2.1022598592423223	1	2
0.361043531320534	1.8191133184189194	1	2
-0.24521373390064086	0.965956169814525	1	2
1.2258977462531544	-0.9120120993308085	1	2
1.216406135507399	0.21828027328638924	1	2
1.9780372573769927	-0.3601652308400828	1	2
-0.5423731100843436	-0.17327174410996884	1	2
-1.228597652984153	-0.056445707464484705	1	2
0.07229562620893407	1.1581414608181722	1	2
-0.7593875929179348	-0.6348557937738639	1	2
0.7060953736701616	-1.337171102514523	1	2
0.2488415726453131	1.7436597892492007	1	2
-1.079902198855738	-1.3432765497003705	1	2
-0.03115656056760975	-1.3726673045151059	1	2
-0.3735549753126684	0.5191470438530901	1	2
-1.3747560675758812	-0.47077695843999334	1	2
0.26152581134050057	1.1248653172003666	1	2
-0.08533455035849274	0.851389745576587	1	2
1.1362749248167892	0.21381455679591435	1	2
-0.38976612370131514	-0.6921485802161262	1	2
0.7042965623972811	0.32394504410417124	1	2
0.5222800091195675	-1.873365584574742	1	2
-0.8198723805694969	0.7337223796769177	1	2
-0.6642072406623766	-0.538299708827248	1	2
1.5935073423135093	1.46377384319528	1	2
0.02245891521630833	0.4672532201808864	1	2
-0.31954985559027904	0.306638757304465	1	2
-0.006449463345770998	-1.2842862758031999	1	2
1.575032834704562	0.8365458168238851	1	2
-1.7369054032497664	0.8915494590386591	1	2
0.1222070155914271	-0.919022287062442	1	2
-0.7870327061395342	-0.29045695191314524	1	2
-0.8112643057237467	1.0947623275614902	1	2
-0.4999344312685386	-0.5519140810596279	1	2
-0.6600134948630396	-0.04979105792384178	1	2
-2.580017250188694	-0.32720912858555995	1	2
1.7842801099304755	1.5088977730743653	1	2
-2.0471733364601636	-0.48361857234386735	1	2
1.4164129998433108	-0.4706375507107223	1	2
-0.579084162829472	-0.43419715462277053	1	2
-0.036153455775623636	-0.18380062084195856	1	2
-0.5859063113424476	-0.18335517320969066	1	2
0.04707832271559362	-0.11678878192586278	1	2
0.9325208968715352	0.42936648956895324	1	2
0.5743710674026279	-0.1282181573516767	1	2
-1.9623177077090288	0.4310293854916774	1	2
-0.91680850067025	-0.24878025982741495	1	2
2.0703315434709983	-0.0405274456677066	1	2
1.348805400182524	0.40519055959237993	1	2
2.6005964521658305	-0.6768431937471611	1	2
-0.638066728459953	-0.801823924829894	1	2
0.4259225909876836	0.1242886848762962	1	2
1.076720765921973	-0.9339027238187098	1	2
-0.6294194238006061	0.5331349948966343	1	2
0.6377224651567227	0.7290373430568217	1	2
-1.1664099368777927	-0.03753372996665744	1	2
-0.8002651372948175	-1.7628252336823547	1	2
0.6156015585196719	0.8531293047271254	1	2
-0.11081426452708451	0.3825068379292813	1	2
0.7977899261173331	0.4187462247412759	1	2
-2.712728110966055	0.28551867628050603	1	2
-1.4148188471238716	0.951947985716659	1	2
1.9225494280662079	-0.28255123150389494	1	2
1.6857468472676396	-0.19725671819498886	1	2
1.0611250386773021	-0.744875555184263	1	2
-0.9402675564351103	0.17482063146816612	1	2
-0.5936655794472655	-0.7467354221507384	1	2
-0.9494668021519548	1.5763601171553314	1	2
-1.848673800785945	-1.4810775520405208	1	2
3.3470584407058497	-0.4164043054485893	1	2
0.23204932998890165	0.6818943251776395	1	2
0.21679202817375087	0.4531585927039974	1	2
1.9759343580503388	0.05569452392235618	1	2
-2.0989166861024673	0.4508857246129816	1	2
-2.6032207601184663	-0.04992795899529008	1	2
-6.216973182278651e-4	1.16539413042241	1	2
-0.278999364595359	-0.33573294893211014	1	2
1.4724059774804734	0.4639819246767936	1	2
0.8199167940356052	0.7634560332641815	1	2
-2.245114143163624	1.1764696161734514	1	2
2.7089979468125187	0.23376924979846242	1	2
-0.38819277269259617	0.23078526153487225	1	2
0.312381842304471	0.534539233915953	1	2
0.733218645315246	0.17143238509400516	1	2
-3.814178444068034	0.06491585921462985	1	2
0.8211830713560045	0.9831675037967004	1	2
0.44328899787438325	0.24807501448081046	1	2
1.0805409277168803	0.5584382081159721	1	2
-0.6128991541841935	2.247931330269057	1	2
-0.21551565263401096	0.17072760630505526	1	2
0.45932559156432845	-0.9425788300423801	1	2
-1.0902976568650844	-0.148597331486604	1	2
0.9304667045606241	0.03280872200849557	1	2
1.0223049049584356	0.12808126516298485	1	2
0.7201875345437723	0.2839678933917576	1	2
-1.7947840084677196	-0.601790111992422	1	2
-0.8409996738438739	-0.8008596739764609	1	2
-1.433811413433332	0.04257055346357137	1	2
-2.365681788732795	-1.2470173209575264	1	2
0.6587149204258609	-0.3149111992795117	1	2
2.227224069325739	0.6181442400626881	1	2
1.0817220375772159	-0.3654304222194009	1	2
1.6561028588638258	0.44232929659114834	1	2
-1.2234100788047808	-0.8841057201729323	1	2
0.3142181971811309	-1.3248143003218524	1	2
-0.5071113440003806	0.8735757342921091	1	2
0.8255546291224727	0.5132911244568806	1	2
1.1453143866875284	0.10731169123495633	1	2
-0.2187914455630705	-1.5480811379272699	1	2
-0.7577822876499389	-1.0963739964407564	1	2
1.0341823832456252	-0.05623520331937233	1	2
-0.9979132463376651	0.12241959573768346	1	2
-2.0811909805125337	-0.4229240529251066	1	2
-0.02434572690731704	-1.0481265178418713	1	2
-0.6822620727927504	0.33368184983416155	1	2
0.6580764512096988	-0.16141548990720214	1	2
-2.0785421691169645	-1.2823314868936022	1	2
0.6819012627643841	0.20021586351163204	1	2
-1.0667387320286958	-0.33987961103363956	1	2
-0.8237235562209022	1.2214635322656064	1	2
-0.7539275250139459	-0.3581538516649278	1	2
-1.076727828423156	-0.46659703275280207	1	2
-3.162501645487111	-0.2774046455567103	1	2
0.5200091852105516	-0.7004144598563373	1	2
1.7653748138348855	0.8156166994297391	1	2
-1.156804553959401	-0.20427632329878975	1	2
0.8269903236689872	0.11009864362485956	1	2
-4.277113820475733	0.6069000785309742	2	2
-3.2788090046430924	-0.8921561847133199	2	2
-6.5690977794316074	-0.43048686774776573	2	2
-4.868651637783835	0.3134536115916226	2	2
-6.710957047111058	-0.8302573747064341	2	2
-3.2900341561586437	0.7083335803483728	2	2
-5.7855393234752235	1.705918580197638	2	2
-6.240914175748213	-0.4105616917199701	2	2
-4.35685956107758	-0.09820995876608402	2	2
-6.260534878125188	-0.18287258960408326	2	2
-4.566009469161983	0.5996036424520687	2	2
-4.738277214290429	-0.7703668739664652	2	2
-3.7583540641159257	0.9548003970596353	2	2
-4.912405149229738	-0.4826121216422797	2	2
-6.5653621581966615	-0.7265267888542511	2	2
-4.33630687901949	-0.23137557441655993	2	2
-3.015215043209159	1.1844897621486032	2	2
-3.6663148924686904	-0.23688812216150118	2	2
-4.953114687538531	0.5475563671328841	2	2
-5.676772165569486	-1.0979033213314289	2	2
-6.682523392283297	-1.0387846738323039	2	2
-5.289106988696559	-0.3368933545990677	2	2
-3.5997854312980904	0.7824836329193037	2	2
-7.670735093213307	0.10818109893904744	2	2
-4.461414081172337	-0.5345086810059696	2	2
-6.205245627549015	-0.23650059501301557	2	2
-2.0037176720897616	0.7618937173995173	2	2
-3.2976513907235736	-0.4671653808585841	2	2
-6.404576931333317	-0.4460462296495501	2	2
-6.232845881274419	-0.4532109030227321	2	2
-7.4462797078823115	0.1798569635701146	2	2
-6.0665770916874315	-0.8257776542879681	2	2
-5.002718133270661	1.9887047489419303	2	2
-2.711944606442703	-0.49311617799532104	2	2
-5.325979245490556	0.0303509345018242	2	2
-5.157198283879369	-0.21245610132323167	2	2
-6.348659621991181	0.7364279902054454	2	2
-3.238618885715786	-0.11674741661615178	2	2
-2.797201476719875	1.1693296562274043	2	2
-4.808406009341399	0.7654734566223199	2	2
-6.389148479148567	0.5934406965575416	2	2
-4.4030433074347535	0.2110357266636358	2	2
-2.5901826433253072	0.18644969184787763	2	2
-4.844074063566838	-0.7947247183791404	2	2
-4.561681551639396	1.5125443459082	2	2
-7.009999046979837	0.3215104491376944	2	2
-6.291782713822384	-0.9705529703492703	2	2
-2.3291780408687695	0.1764752136410475	2	2
-6.908572408369845	0.17170009982581264	2	2
-5.90386259407495	1.727139966038755e-4	2	2
-6.983559037849173	-0.36802426173627206	2	2
-5.935803820861496	1.2223052480316032	2	2
-6.463708287517619	1.5606788166948513	2	2
-4.152873828259342	1.349173402544989	2	2
-5.5033714025243565	-0.7373748028294201	2	2
-3.1821276575601423	-0.6565161845153096	2	2
-2.3413912765379568	-0.373482503011301	2	2
-4.5494655493794065	0.44845586945752103	2	2
-8.067521275294968	-0.8935259435812782	2	2
-3.4166294861477438	-0.453952618069853	2	2
-9.456943330580248	2.367011828454452	2	2
-4.1575625349892835	-0.2941233853766086	2	2
-5.64031269987898	-0.15341075557553208	2	2
-4.582923326830378	0.9744378239370713	2	2
-3.137412626982305	0.9332675508156165	2	2
-3.7764233999916845	0.6956993726633003	2	2
-1.9144655556244032	0.09343084069239835	2	2
-3.9734373904943587	-1.2194858090823517	2	2
-5.333585957739235	0.1877965598474971	2	2
-4.251093711860579	-1.5867310099104235	2	2
-4.0400800184027865	0.3990483539926683	2	2
-6.099010077389706	1.0119840896925798	2	2
-1.8825586984559353	0.24808930581116406	2	2
-7.4910289400714545	1.1705256234201338	2	2
-2.5997614500442796	1.5921612824935065	2	2
-7.259387050924146	1.4775599581081815	2	2
-4.349176978313945	0.6995321440898062	2	2
-3.7484051254018644	1.333591705058032	2	2
-6.027964237827941	-0.333749769999236	2	2
-6.545654474163559	0.9084550336361691	2	2
-3.0001802301581053	-0.9334844691614731	2	2
-6.1311599027296815	0.06159722238752677	2	2
-3.135471837025676	0.1354707446421278	2	2
-3.0132119722913147	0.7203504848805713	2	2
-1.7002657080206645	0.5023877429601463	2	2
-7.8191337171394055	-0.03197747793045802	2	2
-4.014970776559395	1.9205221443250096	2	2
-4.297547781309589	-0.06396757890780533	2	2
-5.323361505743254	3.0829589707891514	2	2
-5.684478960990511	-1.7416280910360253	2	2
-7.7275560484723815	-1.269668964225317	2	2
-5.580205598380389	0.5393105860853551	2	2
-3.4668921585483803	-1.0817421770929685	2	2
-4.503777764161555	-0.8336405243231034	2	2
-5.152858443682689	-0.24157266869111835	2	2
-4.472811591075949	0.41566033976816574	2	2
-3.7139473109507284	1.3769291897577578	2	2
-6.975596477840672	0.8822877663055885	2	2
-5.941708149877327	-0.3226344098828419	2	2
-7.824477698588775	0.284603442315207	2	2
-6.695648158193384	-0.0947049065964937	2	2
-4.041612285636325	0.5566020143334192	2	2
-7.537503841739335	-1.2280200331361417	2	2
-6.847503440560699	1.318302509561019	2	2
-6.175995883064316	0.037189284768653255	2	2
-3.822533753562835	0.19818717525686322	2	2
-5.445231769060152	0.177214671219289	2	2
-7.902108758220871	2.6901830946392433	2	2
-4.27739711614092	-0.5319470116162398	2	2
-5.547839599285144	-0.6821997765226709	2	2
-7.591337417303703	0.6748174230874154	2	2
-4.971353820604601	1.4049075950003689	2	2
-7.674453235316291	-0.3241903816544281	2	2
-4.866458679583083	-0.8953916935435335	2	2
-6.3515958689296355	0.8775868183645914	2	2
-5.310253892343517	-0.10701787428866413	2	2
-6.895867503376732	0.9851262542941606	2	2
-4.204446233950018	-0.09332775841539837	2	2
-5.343491037222381	-1.5139720491689987	2	2
-3.779844370319887	-0.6782669021029339	2	2
-4.798948853510407	0.7594540952386537	2	2
-5.713422191276453	1.6277221144343992	2	2
-4.092841358191235	-0.7319664379922974	2	2
-4.8940557726886045	-0.17506105700924549	2	2
-5.328376368782738	0.3693028064231438	2	2
-3.0618186913621845	0.5944804895864461	2	2
-8.62172792009728	0.1707214753929669	2	2
-3.5910955594588194	0.3884361164248071	2	2
-7.67744415294512	1.1407318921210956	2	2
-6.773315890241525	0.007541303745380409	2	2
-2.668161546020061	1.8748348081000468	2	2
-4.140593271043601	1.6326399325240977	2	2
-5.485554754590133	0.4341953259646218	2	2
-3.859543901845257	1.512860838952223	2	2
-5.850576475442942	0.10843936255716523	2	2
-7.808769455089411	-0.23660628715732474	2	2
-4.871354822954745	-0.2060197583894981	2	2
-3.15147826808342	0.9434259962882482	2	2
-7.229176696949002	0.61704726448418	2	2
-3.8109948094016564	0.8089062826713126	2	2
-6.403557121190592	1.5894124658116746	2	2
-5.665123116856654	1.9509349637576567	2	2
-5.33892776899349	-0.3316521782046394	2	2
-3.2092893651857244	0.37894034462195647	2	2
-6.247859180052907	0.6330102594435456	2	2
-6.677280562896226	-1.6171261791078837	2	2
-3.3145775202257863	-0.6473211338303164	2	2
-4.1477905820639895	0.6887374323850032	2	2
-6.162733415792559	0.11475207814055802	2	2
-3.957335198430259	0.2571149230757343	2	2
-5.26693244931922	0.2218917071722744	2	2
-3.3851394024189863	1.355038805777023	2	2
-6.9660443837287565	-0.4083409301975455	2	2
-3.855863653371434	0.7722654269828796	2	2
-4.750932741419065	-0.15153050345195518	2	2
-4.806189526322997	0.1445802160909027	2	2
-4.171972334828893	0.7484308719681337	2	2
-2.7884123559748093	-1.0565913054209304	2	2
-6.036114616084054	0.7530058598079858	2	2
-7.772096892644857	-1.3351224212998813	2	2
-5.256512120227653	0.10393843973866893	2	2
-5.153616405632128	-0.417028993617518	2	2
-4.034803409092754	-0.3224152148526061	2	2
-3.9132957030553857	-0.5571868347694112	2	2
-2.461210719944199	-1.938880382295369	2	2
1.1459898011333485	0.36811297719686603	2	2
-9.050322564460842	1.0858911267553175	2	2
-4.895041564485195	-0.42881411744041464	2	2
-6.603695269810021	-1.249445818411713	2	2
-4.096521749722695	-0.807339821521668	2	2
-6.013821495810744	-1.1670689955167344	2	2
-1.479227955420566	-0.9033000285728393	2	2
-8.03549148945522	-0.10533124633905472	2	2
-7.659848361141194	1.8162936207536888	2	2
-6.635889395645886	0.8390297489755105	2	2
-3.040329789018291	-1.1898889099475003	2	2
-7.712198900872498	-0.8982284440440983	2	2
-7.953015870247455	-0.1646037658619145	2	2
-4.587916794261231	-0.20778853586353674	2	2
-4.299867212950918	0.9521681408793282	2	2
-3.9225477083938936	-1.4696564136686958	2	2
-3.6552011681948953	0.6037652213688276	2	2
-3.9556504927931844	0.6337380097611649	2	2
-6.453778661654108	0.5219932908417038	2	2
-5.532685912565996	1.0532432287038729	2	2
-5.4797948350015755	-0.8337434349151134	2	2
-6.692697569631212	1.0066734551083205	2	2
-7.452973069835622	-0.30002391340902124	2	2
-6.040063031235214	0.5994047274228265	2	2
-6.154665294014703	-0.41061047073433726	2	2
-4.413318031950456	0.29883910358632587	2	2
-2.6222470367118187	1.5351954645796568	2	2
-4.446535500219116	0.4897463200956315	2	2
-4.862721131193604	0.7059040141176268	2	2
-6.533604896433071	0.8857142420973246	2	2
-4.6327105858154916	0.5895679128676469	2	2
-5.553090451371849	0.2627345419339428	2	2
-3.4298875316089905	0.935361648786635	2	2
-5.0177783086369	0.5764267315387034	2	2
-6.172280571363003	0.1074435601544737	2	2
-4.604694597215067	0.849273247716989	2	2
-4.6653124074220855	0.6223306291590922	2	2
-4.648110977810145	-0.4404859542801149	2	2
-7.483689878518498	-0.6342100957784231	2	2
-7.631540319634656	0.2367878296699057	2	2
-5.734448121696526	-0.2685141929004642	2	2
-4.5397616420826195	-1.6033379461588197	2	2
-7.583716883413441	-0.8465258348051906	2	2
-5.205860716714453	1.0676571636675225	2	2
-6.002151317588904	2.000046414417181	2	2
-5.237795096612386	2.5494890580007956	2	2
-7.908179486791945	-0.031176731155656896	2	2
-4.513556873975355	-1.5250088846389616	2	2
-2.768997448536027	-0.1403385767747767	2	2
-4.021887347265979	0.5428337963778093	2	2
-6.177213736057343	1.0990162620109674	2	2
-3.890203753566702	1.160295287978004	2	2
-3.4482611141162463	-0.7518314329133996	2	2
-5.356394541434258	0.22141453693148822	2	2
-8.572059121778718	-0.8741214092432088	2	2
-3.4028414550621364	1.4361082078164278	2	2
-3.9955291386824525	-1.0578298042660355	2	2
0.7494660203159144	1.2198881463994125	2	2
-3.1939905768555015	0.17063371476516315	2	2
-5.851548293861172	1.1518524335047262	2	2
-5.915943877756396	0.9300250667780456	2	2
-6.818846559425538	1.2808885217214652	2	2
-6.196248382257308	-0.031198886896164534	2	2
1.1862856400547617	-0.15888256179382326	1	3
0.3649311321348817	-1.823122612696502	1	3
1.7266590837784823	0.9872623571645017	1	3
-0.02192988683221439	-0.5068891062744255	1	3
-2.00132796676832	0.3532288917116207	1	3
1.122841887751841	0.7782008918843537	1	3
-0.41441079355095817	-2.6738764035033316	1	3
0.5080045185153345	1.4613723164027057	1	3
-1.6545011565960506	0.0956758839100312	1	3
1.1390652284163707	0.25458602989436807	1	3
-2.5728043443705286	1.1809778002056202	1	3
0.9525680680114945	0.6680986226064117	1	3
0.5719231898224388	0.9985228317235444	1	3
-0.5047326275797586	0.8361686818505306	1	3
-1.5780068821839361	0.7478301967964763	1	3
-0.909335808196807	1.329452684964987	1	3
1.0119108771859553	-0.07801335346460575	1	3
-1.0194705321554285	-0.6761363465668344	1	3
-1.0219395054912916	0.5488265471985432	1	3
-0.5334721667764878	0.6645938089719008	1	3
-1.489499025989602	-1.5737570118955115	1	3
-3.2271040273325333	1.2493401822502685	1	3
0.45751292905415497	1.9273287955092757	1	3
-0.05996327992949894	-0.3428781609040361	1	3
-1.0984849860159829	0.8323456246308302	1	3
-0.39694986623073153	0.6464543593017681	1	3
-0.897224494987402	-2.0510126709251417	1	3
0.9719366162390969	-1.0256591000079514	1	3
2.7342981340141743	-0.4800095686185081	1	3
2.6952565796986048	-1.9578523306908084	1	3
0.6468583270406156	-0.4098282954136997	1	3
-2.1360417231966418	-0.5607735485514899	1	3
1.55599537860941	-0.7039335748984231	1	3
-1.2487033565341084	2.827333538805011	1	3
1.1038500440229857	0.3859418328122676	1	3
-0.8507961206546878	-0.1798029423762213	1	3
1.2555932279663455	-0.6370755021029193	1	3
-2.8698604938753762	-0.3796514113594225	1	3
0.11995218717674312	1.7891260163077556	1	3
1.793823119319084	-1.4568369980406297	1	3
0.18129503602895916	-0.396593815604269	1	3
0.7502365430334328	0.5180758639949331	1	3
-0.6760359776059354	0.3524281434425474	1	3
1.8311528605361567	-1.1151630045640755	1	3
-0.7546066535175374	0.7874595358454591	1	3
4.37671281203195	1.8382958373829028	1	3
1.573546924658512	0.7795320413805134	1	3
-0.03337980154099087	-4.105895491542357	1	3
-2.132276996455297	1.5040710771525314	1	3
0.7467581492726924	0.6723304705434974	1	3
-0.3070123944727179	-0.6948254490363128	1	3
0.4220301381025136	2.7310452198963775	1	3
-1.6427792499103038	1.1045223530007835	1	3
-0.034007230754617285	0.13662860169186977	1	3
1.6099332696896238	1.4320851849203005	1	3
-0.24301809328773233	-0.4827622148171075	1	3
-1.493831538564598	0.42737054383191114	1	3
1.4769458077101385	-2.8943319465701283	1	3
-0.49548069930248373	-0.04081268127943137	1	3
0.29882889083796366	2.7209471679545745	1	3
0.054768774551509476	-1.329487680562091	1	3
-0.5162032219630189	-2.9760662701221565	1	3
-1.0764026003607907	1.3891710365116952	1	3
0.7740381271872766	1.3903426968153583	1	3
0.3431613285393803	-0.9622180721328976	1	3
-0.1484030761715783	2.1431046397158573	1	3
3.1784038180023306	0.9419937714896446	1	3
0.9443235768649881	-2.0317235599283903	1	3
-2.512577029744172	-0.15523909511091777	1	3
-0.019408982408290885	-3.3250166563961234	1	3
-1.1227978153948586	0.5556415115486151	1	3
-0.09717103349353498	1.2546698964473557	1	3
1.7149649907534201	-3.2199522496543875	1	3
1.9105289740429925	-1.5714635724831987	1	3
1.4234856090134869	-0.25133867776183105	1	3
-2.8213276306871533	1.1591883060415604	1	3
-0.12619570444139755	2.209308372821546	1	3
2.0022884252208946	-0.19158323086010703	1	3
-0.8584226043236486	-0.059960743862599156	1	3
0.7125219702704325	1.0167516484230037	1	3
0.8075030147374203	-0.7533033864177046	1	3
2.0485076164468774	-0.3007615715383814	1	3
0.5399410986902438	-0.06254018527335078	1	3
-3.95112400849596	-2.99316281256702	1	3
-0.15289574782291226	-0.28777146330297265	1	3
-2.8992195558364187	-1.0262369058335221	1	3
-0.926387755961476	-1.497708953097601	1	3
-0.9212463022874994	-0.2873174175942309	1	3
0.8289392372681355	-0.5129344672437866	1	3
2.9496048689151526	-1.1699365231435928	1	3
2.0154455074476982	-0.7518348582429216	1	3
3.2448080085293434	-0.07635685676756043	1	3
0.8333626879470751	-0.4061594062364363	1	3
-1.2187396624899827	0.7432862127166079	1	3
-1.5513282929805798	0.24728065606035265	1	3
1.0971188786064847	-0.4308681098893055	1	3
-1.1647433134251064	1.1673576167043844	1	3
-0.41751881711820216	-1.4543727847765826	1	3
4.3276648858962234	1.122495768153396	1	3
2.531738221654902	0.5800295369270076	1	3
1.2395776127361984	1.6052956661130993	1	3
0.27317460749328143	-0.39303560783927505	1	3
-0.9629865046299204	0.06684995311582927	1	3
-0.9720605924979936	-1.8184179774860436	1	3
1.5531467832895056	0.18525954624321242	1	3
-1.0113739473172314	-0.15881797390753444	1	3
-0.7115069026722551	1.8068367763735307	1	3
0.005567026417816449	1.6260251876214555	1	3
-0.13751488480747087	1.9059380625978293	1	3
1.7741247318257882	-4.993168307415843	1	3
0.08666515312178451	0.07784031285882201	1	3
2.6100731376524893	0.8941365256704732	1	3
-3.035881877877295	-0.8121525550391985	1	3
1.6784387458677337	-1.8592905148168204	1	3
0.442047224531582	1.8501901142090567	1	3
0.06181642298060575	1.1794428438742515	1	3
0.48237142510450937	-1.9024955432309412	1	3
0.8386730230480041	-2.3002382984015397	1	3
0.13318872630037779	-1.8141226007221565	1	3
-0.2180418266988406	-2.064977383367413	1	3
-0.280675355754693	1.4869838260042014	1	3
-2.680389970493709	-0.7569666650871113	1	3
-0.2978840788237248	-0.46250667883137886	1	3
0.22389768730813606	-1.2214186909438896	1	3
-0.08071827019461657	-1.8044957917176714	1	3
-0.6823758123616089	1.571186933237469	1	3
2.0987289932293054	-1.389248102731686	1	3
0.7680279434970283	0.6783314779249129	1	3
0.8540595197704429	-1.3470437590228128	1	3
-0.770344539618211	-0.23887434465841542	1	3
0.47815707430124466	0.2659577434284413	1	3
0.8657742985701634	-1.9254279400362588	1	3
-0.17317323677207858	-1.6290537731295918	1	3
-1.1745333864596337	-0.9071966468938631	1	3
-1.9273266822454214	1.016607003238647	1	3
1.0766431213116583	1.1953441348622404	1	3
0.1135671373893905	-3.0294571099353247	1	3
-0.4724420162161843	2.9564289734427116	1	3
2.0894134356664718	0.971279002692822	1	3
-0.4007757025771678	-3.0019043128450864	1	3
-3.15064277011328	1.658313927564249	1	3
-0.09341682669804344	1.2215601324746046	1	3
-0.9040235777663809	0.9362577852466776	1	3
-3.3462914812504856	-1.7248246605336968	1	3
0.9151622065523156	1.0176066540605462	1	3
-1.901822362671935	1.4542798211280374	1	3
-0.33034878993550404	-0.27223271767294027	1	3
-1.515172881239998	0.6604960538116506	1	3
-0.9272694673867413	-0.5019477817209682	1	3
0.7912576723076775	0.6642385621523923	1	3
-1.3069082643501215	-1.3262149317813006	1	3
-0.1397836689102538	0.06036329076439269	1	3
-1.6433646234681103	0.08787260479268962	1	3
-0.5715692652251554	1.4267809152205937	1	3
2.210225801424691	-0.045995905959228756	1	3
0.05038831209187241	0.22689126858115843	1	3
-2.2035284054313125	0.8746888678910951	1	3
-0.7167718073323903	0.5019453165411107	1	3
1.3298266966364836	2.4414092039227198	1	3
0.5177695765798662	-0.800500099260905	1	3
1.6874402100900567	0.7782571764522483	1	3
1.868065858852304	1.218845831305624	1	3
-1.716332078681303	-1.0277527879925037	1	3
1.2570226810910219	-1.953271737673595	1	3
-1.3270181294316126	1.9517185016499319	1	3
1.8119295203417374	1.588576883811163	1	3
-1.6932645997053946	-0.7046841542879324	1	3
0.23003310129565654	1.3337772852094123	1	3
-0.6122367586925004	-0.12481800696338453	1	3
-0.7058240224122744	1.3336848474094092	1	3
2.1666797480442663	-0.9512248161851624	1	3
1.0984408173295275	1.5977519837274021	1	3
0.6988879958587927	0.49420926107928403	1	3
-0.6410130770725664	-0.1448404628629674	1	3
-1.1842179012705092	1.8051467602980944	1	3
0.34144198548237437	-1.0920609768868381	1	3
-3.5235463808297265	1.2075678678528734	1	3
-0.8689545280668919	0.14124995091036383	1	3
1.340838896694761	-0.4603007051412351	1	3
-1.6500002428635374	0.4148757485516761	1	3
1.838020948168285	-0.6325069002583297	1	3
-0.576637332291644	-1.3716559505215318	1	3
-0.9149134106965039	-0.9583574416513364	1	3
0.919582954295902	-1.117273952764362	1	3
-0.06244229669365957	-2.821287454819799	1	3
-1.877486260154587	3.884752143583376	1	3
1.0661739440096851	-1.5813113469078937	1	3
-0.8727174500355652	0.6162813702035408	1	3
-0.6172097421866095	-2.3657903799810893	1	3
-0.49165991638264556	-0.02782840664967061	1	3
-1.5444026802237762	-0.6857756406619205	1	3
0.14625862600465953	-0.3598389599724511	1	3
-1.3572528333988934	-0.5446978611831441	1	3
-0.7159210978647929	-0.32737918611747213	1	3
-2.881094938066307	-0.7281410883610189	1	3
-1.7587628277688785	-1.0564681105501186	1	3
-0.6089063282481837	2.161677354774066	1	3
-1.016662650605171	-1.8393320180020685	1	3
2.6872076103072313	0.9460775170723887	1	3
3.080115998568932	1.4480477901062652	1	3
-0.07364684374186119	0.19797916817246025	1	3
1.1241411371238477	-0.426809315288813	1	3
-2.1430865283006337	2.800931303155121	1	3
-0.3982844771850796	-1.5714353440742566	1	3
-0.7348614773581217	-0.34992541042174785	1	3
1.805749266986107	1.8049127571156767	1	3
-1.1773910933057867	0.5067042973189595	1	3
1.6704835876773563	1.5135442651640398	1	3
3.5330914341443926	0.39864572214161204	1	3
-1.5591509727985464	2.4178171634627197	1	3
0.4721569413536645	-0.5346596458980648	1	3
-1.129346445391692	1.6089113972135136	1	3
-2.290072773052124	0.5685703775967244	1	3
1.0184650163097968	-3.207650272171558	1	3
-0.28072346629433553	-0.2726346331192067	1	3
-1.8914134504370688	-1.5924999610271402	1	3
0.7985876957678049	-1.1746957416968307	1	3
0.4867898763706263	1.445110738246293	1	3
-1.505182389446025	1.474679043099627	1	3
-0.8256027911493258	-1.0353313955181946	1	3
-0.22322638656607005	-1.8093761573607399	1	3
-1.8426408724111178	0.9121075361030933	1	3
0.8380899019788794	-0.7124138864622034	1	3
-0.3653513427194156	0.6877386141927158	1	3
1.393499796056854	-0.04234811960887254	1	3
0.3153577879997798	0.6493854472184927	1	3
-1.2352692153642097	-0.91552732545348	1	3
-2.0751612266087385	-0.6917519369162402	1	3
0.0029075425312907756	-1.298827267090303	1	3
-2.2819797157513637	0.9000575616092372	1	3
-0.43585647298538926	2.5537338937883662	1	3
-1.2515335871872124	-0.5864405234231607	1	3
0.27811206167717445	1.3488294369806404	1	3
-2.7193610491851095	0.5414963506346304	1	3
-0.8124452587616814	-0.010368501437230122	1	3
-1.822035363722075	1.944799377466954	1	3
-0.10765211809936225	0.7038929817269084	1	3
0.1388672194150717	1.3548042198489023	1	3
0.4400965384592121	1.0318409675499707	1	3
-0.8163432192418008	-0.5062522263947109	1	3
-2.744780598697569	1.3335547508532042	1	3
-0.007837404997762906	-1.342724920341672	1	3
-1.762840715447229	-1.694357818999286	1	3
0.18245738886920623	1.0108050819234715	1	3
0.13372806069608895	-4.15065218242388	1	3
0.7402080313224295	0.07903768031790978	1	3
1.452028993634077	0.05807300544894301	1	3
-1.3407706437578824	-2.279380410324507	1	3
1.4387745561782805	-1.020637931246485	1	3
-0.5957786588008371	3.2625500555951623	1	3
2.1326729756988145	-2.830140169237029	1	3
-2.567680636919413	-0.020917510041917137	1	3
-0.44000598268919033	-1.297372025719628	1	3
-0.39281290501174115	-4.3863205052494365	1	3
1.3370525952420012	-1.35737914735518	1	3
1.335860599530943	-3.1161974030653874	1	3
-1.936428010355548	0.27460225176621067	1	3
-0.16335995221709843	-1.3193423695529931	1	3
-2.0188995462739094	-2.207757942351279	1	3
1.2405072182850632	-0.21960574120806955	1	3
-0.2338421156794244	0.6140000477640567	1	3
-0.14989966586036568	-0.8487321703926944	1	3
-0.8450348224521849	-2.5773557014572317	1	3
-1.375890952943823	-1.0533211466680015	1	3
-0.7196156850390775	-0.5080303651908068	1	3
-0.20538468437322155	-1.016325885870114	1	3
0.029461968405931807	-0.4969714993141241	1	3
-0.8888353043950379	0.7802328211051974	1	3
0.08664332626836262	0.8188035449039601	1	3
1.7306045201183333	-0.14389406889910014	1	3
0.6013212344159788	1.0788462111864372	1	3
-0.05562321412587786	1.1702600178900757	1	3
-0.8059421134091648	1.2557966214821306	1	3
0.4821699085465955	-1.353124371995621	2	3
2.227483393225226	-0.5445590800998309	2	3
-1.1474230107013597	-2.126960253429922	2	3
-0.6782376795859631	0.23637750038127453	2	3
-1.4675214832508148	0.12732565737714732	2	3
0.6529661740944667	0.013723072839945782	2	3
-0.2077191438137826	0.7533552832263724	2	3
-1.110467273789759	-0.12116716440218922	2	3
-0.5835354605927864	0.8705475338436875	2	3
-0.6119748238176113	-0.3377383259662653	2	3
1.4021526860397409	-0.5788382171566819	2	3
1.4595182350124647	0.3719152864655991	2	3
-1.161118194680562	-1.3553775296017525	2	3
1.5760493127623916	1.9465543684888507	2	3
1.957670309837772	-0.11464187940304421	2	3
-0.1571510183479522	-0.6049266446443918	2	3
-2.0227495894954886	-0.139366463094853	2	3
0.48682024679894936	0.030921459136499345	2	3
-0.3451778768302476	-1.9985935885949737	2	3
-0.3314339956474134	1.0726651940984406	2	3
1.6339197193344916	0.2020569331942167	2	3
-0.008810981710503216	-1.0181005202808264	2	3
1.3714274588247741	1.0482279764750875	2	3
-1.364969532194095	-1.9877528602484231	2	3
0.8924478279575917	-0.436345496444744	2	3
-0.10364327302253398	0.7331635736430274	2	3
-0.2601069699682003	0.9716064814479504	2	3
-0.222007760236846	-2.277264962794959	2	3
0.7719313167938173	-0.11452245113457557	2	3
0.5914012679666159	-0.31063386131089665	2	3
-0.8053370114760611	-1.0556345337897417	2	3
-0.951475990736901	0.19376791254283318	2	3
0.7887871522687901	0.7064390920739678	2	3
1.2253880332786427	0.9253559929492021	2	3
0.3738040664420984	-0.7010352738480321	2	3
1.0249836070621463	-0.7944683931486313	2	3
-0.11248801274647434	0.35362345721176514	2	3
-0.5604966190687094	0.7838385749356771	2	3
0.5816371856085705	1.3046206621626677	2	3
-0.6890186218579246	0.28932911545238893	2	3
1.397905034203503	-1.9262746646464828	2	3
-0.704788633638313	0.3046397082909785	2	3
1.6813181846650804	0.13228607951584598	2	3
1.020618148340092	-1.7486539450122538	2	3
-1.3321902070330676	-1.0780738518492479	2	3
-1.1906307943640664	-0.308645300917913	2	3
0.32469055265515573	0.2993219222333135	2	3
2.172707907766671	-1.7424742990256152	2	3
0.1499454379894658	0.22891587988142947	2	3
-1.1411864914142609	-0.043145626667290916	2	3
0.13973575650717715	-0.878198860599534	2	3
2.417217346124922	0.2703906844817977	2	3
1.5537042492411197	-2.0493738984271066	2	3
0.9511064308285214	-0.9400220657401243	2	3
1.035871891593423	-0.31761807085328625	2	3
1.232975184431347	0.29062420647006154	2	3
-0.6899569786951325	-0.9839140190114299	2	3
-0.48490469035073935	-0.48732633083581134	2	3
0.4313247955144468	-1.904357428111724	2	3
0.06624260568835122	0.5184814088633284	2	3
0.7648553354003776	-0.39794728538927915	2	3
0.34159133517161344	-1.9207304889610417	2	3
0.8882698361436693	-2.0428084731087583	2	3
-0.8970659473236756	-0.3693472846560366	2	3
0.11881300083237809	-0.28478742816978025	2	3
-0.1109803849336969	0.37120425142056085	2	3
1.5157466388934389	-0.6900979279411433	2	3
0.5869402896728472	0.9168486789464966	2	3
0.1763892236254101	0.05462865248331704	2	3
-0.3568922794917427	0.9864816305856374	2	3
-0.6922707235021383	-0.2886008286856611	2	3
0.15833663959042127	0.2028637623459928	2	3
0.49629306356000064	-0.6543047232442245	2	3
-0.009575060464847905	-0.48232059749645156	2	3
-0.43671950575510765	0.49416401503259233	2	3
0.07892059444727023	-0.35323501638110255	2	3
-0.6854382655163604	-1.5179601392572744	2	3
1.613462804530933	-0.5805513837559709	2	3
0.5096415856498829	1.1007255235904503	2	3
0.28345982303508915	-0.3729116317268351	2	3
-1.045768988448518	-1.3640835336272366	2	3
-0.0811862844195615	0.542612294089824	2	3
-1.7548341629135797	0.6874303081969081	2	3
-0.2616661331687866	-0.5091528869654366	2	3
0.14158127109578628	0.20590067444271618	2	3
-1.3324640216928214	-0.05164762775945181	2	3
0.20237216107985195	-0.185992170218384	2	3
1.953855725362187	0.5886411174587372	2	3
0.4294560953306437	1.0817412134129212	2	3
-0.6641187721333986	0.26023184151179946	2	3
-0.9382114138955149	0.06877945771595241	2	3
-0.3531048792163716	-0.2020157992863418	2	3
0.5182877279294429	0.13493424741763071	2	3
-1.139794634929286	0.37844104746586876	2	3
-0.7480460166949058	0.39787348293404456	2	3
0.7102645309834116	-0.27198431515658883	2	3
0.015573474657260498	-0.43224384308050845	2	3
-0.808331783607654	-0.2938000585511695	2	3
0.9683883040261745	0.725713722714024	2	3
-0.17239880225289547	-1.8316035525346372	2	3
-0.08481441041918317	1.2167230974449572	2	3
-1.1167527873537002	-3.41177317338193	2	3
2.21546679616348	-1.1635462486635009	2	3
-0.4130590515730197	0.48776935058502596	2	3
0.7828546346733565	0.6756575044050439	2	3
0.3391433719524937	-0.9622629809795777	2	3
-1.5604592089928562	0.9483418814109909	2	3
0.4543792322537512	0.10425665169687844	2	3
0.36158023618110685	-0.6173937309663039	2	3
-0.17527097498072117	0.24218935423784155	2	3
2.0957471116194384	0.4245573645971332	2	3
-1.2237875581112385	-0.3779178137999497	2	3
0.7340473497279651	-1.5374173390031873	2	3
-0.7596061981934686	-0.5328628016349571	2	3
-0.9197020246764226	-1.3302164807505399	2	3
0.9369876268467514	-0.6232625793187667	2	3
-0.6465288099129385	0.518290276487829	2	3
-0.8334573154065696	-1.5095598831790453	2	3
-0.21463408368705378	1.1461138706377043	2	3
0.34640696681773325	-0.00920432429127608	2	3
0.6877899699576512	-0.6552816104404341	2	3
0.31826882768323833	0.3006205595804698	2	3
1.5393764616945422	-0.5292840707423849	2	3
1.376309240031609	0.254494078502693	2	3
-1.1163170378935252	-0.6382493105415233	2	3
-0.2693556594684571	0.23677629754297774	2	3
-0.06762894594762116	-0.3072521490431092	2	3
0.860398909212487	0.0955264927179513	2	3
-0.6161887418065299	-1.8542061923096071	2	3
-0.6321378378446539	0.6802962316154189	2	3
-0.6581703701245628	1.0647224040724277	2	3
-0.6281507830715027	0.4742653876830511	2	3
-1.5837368159874243	0.738702704585529	2	3
-0.4824682046744302	-0.6604298405101484	2	3
-0.7336007149504339	-0.06684357191074358	2	3
-1.2421717211148646	0.4121269218623818	2	3
0.16021039804865758	2.1777469483956007	2	3
-0.20474658203130833	-1.7973451345022906	2	3
-0.08404900457664592	0.082496136145434	2	3
1.4707947341636063	-0.19655291004956368	2	3
0.10229785414320063	0.19535575730634916	2	3
-0.49539813544905253	-0.8705966063343821	2	3
0.4740481486958208	-0.7970917478538284	2	3
-1.2924357647586426	-0.17770942054624927	2	3
-0.2580481752512471	0.6228829093204423	2	3
-0.6323816561331062	-1.0913295199617843	2	3
1.0910847371020012	-0.9581434535859307	2	3
0.6739857199552041	-1.2936714965479146	2	3
-0.5556561107673034	-0.4740613555247902	2	3
-2.0399099149883395	-1.0062523452577978	2	3
-0.6937116659843344	-0.7820188356586939	2	3
0.5460147257799882	-0.5314836482595804	2	3
0.39611474568382066	0.4915555931879362	2	3
-0.13782745093585647	1.610294863426213	2	3
0.9799472002214721	-0.39614690815510406	2	3
-1.1114424645277319	-1.141555956248962	2	3
0.3351793292904435	-1.686484566271197	2	3
0.8004968636387979	0.44572279931471087	2	3
-1.201376252365678	-1.613505709868969	2	3
0.8385559819306408	-0.29303544047169794	2	3
-0.06013654722997483	2.14395821480107	2	3
0.13309495507264255	0.37718494094701727	2	3
-2.267496529831146	-0.0880548525739274	2	3
1.4704962331765457	-0.7993843707996375	2	3
-0.7439819609355265	-2.1701806564103148	2	3
-0.1089553982959047	-0.49668490919835573	2	3
0.26840554864835386	-0.4440043231595651	2	3
-0.04639998214426039	0.9539393633664904	2	3
0.8893028182913609	-0.08355347145859944	2	3
0.6779202994961709	0.17427290488584965	2	3
1.589458948903456	-0.8866794004720018	2	3
-0.2151925619343382	0.534603325647576	2	3
1.4154903279926436	-0.40780887974036906	2	3
0.7036779372714932	0.41212664921425507	2	3
-0.07336767288935951	0.26010454271009614	2	3
-0.8776223039991037	-0.7274540167698182	2	3
0.19703287916903922	-1.064840464083599	2	3
-0.21809004481109312	-1.366967677170883	2	3
1.620481835555341	-1.7849483260610084	2	3
-1.857202581275451	0.050340924344866075	2	3
-0.830478811597078	-0.39620066238799434	2	3
-0.6437219336397886	-1.8551682064561326	2	3
-0.7452588844305151	-1.504354888248452	2	3
1.868026907839577	-1.366291180150123	2	3
-0.35838292246181974	-0.9016329100185324	2	3
-0.15247066321059108	0.9384320952191516	2	3
1.7915388635536151	-0.3790307108760794	2	3
0.23896912851672558	-1.9242560669334836	2	3
-0.48069611977648313	-0.10413641979746027	2	3
-0.5545762818645251	-0.5777284920000444	2	3
1.0384066463525916	0.48239317682756294	2	3
-0.9112782608198031	-1.2050403957526954	2	3
-0.24326537132547255	-0.6658830183608325	2	3
-1.4966898176276124	-0.4563208992864623	2	3
0.14031876447105252	-1.138821585140408	2	3
-0.995262903739431	0.386571696383488	2	3
0.7608533892358067	-0.43030724666041054	2	3
0.35406721223333426	0.9254277741468562	2	3
1.140813153944197	-0.44274011925999546	2	3
-0.9512728174699184	0.8125523636278474	2	3
-1.5351451405528855	-0.10548476109466773	2	3
-0.5364989546808362	1.411858520279372	2	3
0.043336274344483686	0.1646985022222388	2	3
-0.8109023127698509	-1.2178782523432625	2	3
0.5995374283525639	-1.2462586907510902	2	3
-0.4411984437303362	-1.0609330419116416	2	3
1.5078739902371683	0.04655228525167298	2	3
-0.47332420649808316	-0.22273988698856576	2	3
-0.2273859749199012	-0.08083340302101177	2	3
-0.4894103468083959	0.04287043201372237	2	3
0.5764690945043351	-0.4990377537859206	2	3
-0.41415585914598285	-0.6842386458715269	2	3
0.8391863795418424	-1.294621471104162	2	3
-0.37770194445610505	0.04569077958841955	2	3
0.7103910798704967	-0.16190484475991568	2	3
-1.1121042708972249	-1.3643023086745718	2	3
1.2292248332915714	0.9207692160214233	2	3
0.35001402726892894	-0.49928678538127574	2	3
-0.802388865683505	-2.0524698183324896	2	3
-1.5082424853190457	-1.8189052894305608	2	3
-2.109283712508711	1.5540307776568403	2	3
-0.09532301210318651	0.04372244232785297	2	3
1.3994638049141017	1.094346442757396	2	3
1.62713351185019	0.6434476625415809	2	3
0.8780276204077078	0.023684662932669985	2	3
0.32339374517979047	-1.0646319906276234	2	3
-0.24250768627445568	-0.48533275995668246	2	3
-35.01361475715562	-5.0587377667042235	1	4
1.0933515805874472	7.748039144479657	1	4
0.1710153289639538	-0.24545527130500439	1	4
0.6480251153513331	-0.019062259513911252	1	4
-3.794950643653927	-4.609278567336514	1	4
1.3502570931098983	3.011387516982157	1	4
-0.5661677482583818	2.263955552614896	1	4
0.2686792883745592	-0.24605032719300401	1	4
-0.41557228487362685	-1.7124748030381916	1	4
-1.0356092553957366	-0.8204562670902376	1	4
0.060124929128995766	-2.1881972994501653	1	4
0.48410193260433576	1.1311636901706439	1	4
-1.0039725287305106	-3.0604393078611607	1	4
-24.641517639524817	-23.4731302951148	1	4
-5.0760583389676635	0.24179080991783608	1	4
-1.0975246166319221	-0.5092225914575497	1	4
0.9554488110110325	0.6982717913725177	1	4
0.19768887942426797	-2.1019933826023585	1	4
0.5100807420981281	-0.5171404234590422	1	4
0.010021330438644848	1.8745460039368625e-4	1	4
-8.563684300113337	2.282749320806028	1	4
-0.4860854744445733	-0.3280805580795209	1	4
-1.942983052062756	0.41846940804386923	1	4
-0.6030547255646764	0.0906949209482087	1	4
-6.059815810028612	-0.10358799848182518	1	4
0.19712830513711962	0.5337638579202048	1	4
-3.792820586073137	1.5297445108758365	1	4
-3.3577610268811404	-2.3815223797606433	1	4
1.9414446238304275	1.51147719217658	1	4
0.2928973867349528	-0.25276310124333196	1	4
3.3373664156398046	-2.858982008037786	1	4
-3.182416740437151	-3.287382928751553	1	4
0.12393972320960835	-0.018363346363732824	1	4
-2.08260465930526	-1.4992934700909253	1	4
6.524777681705186	-9.541838423662128	1	4
-0.496225838911757	1.3112787935327062	1	4
-7.080548514718716	-3.2787380960078814	1	4
10.536846236569936	7.768174397160099	1	4
0.2615996920746898	-1.052038340207361	1	4
0.7842249016713885	-0.4814087201331181	1	4
-0.14461521259858418	0.07058570615464382	1	4
-0.7000468113728459	-1.0178340262688892	1	4
-1.3184811676280526	1.4903693664456878	1	4
0.16362284859962892	-0.9616269866611933	1	4
0.5209554716777494	-0.576830835897395	1	4
0.6003156408730917	-0.6046914181015896	1	4
-5.47931510601864	-2.439769323728872	1	4
-0.021668058029654973	0.6218887232718054	1	4
0.4208327646451018	0.6331448636638591	1	4
-0.07104300593401372	-0.02156787678287728	1	4
2.241196848617101	-3.4609499544142457	1	4
2.4308738206920033	3.1294360916107635	1	4
-0.21628608240469696	-0.49079391834006564	1	4
-1.2190296798557505	0.6779303324986277	1	4
8.920872762167031	-3.9967315189101673	1	4
1.7780794816902963	-0.706004860000926	1	4
-1.1470185679370277	-1.7911585162228567	1	4
-2.8990788276078487	3.7644969926346374	1	4
0.27642891749376686	-0.05031832025570465	1	4
0.07244877012298265	-0.32492632736442434	1	4
-93.39115187788168	-252.8433600547956	1	4
-0.5260426498413401	1.5797404281067586	1	4
-6.1477022534192916	-1.6867557058762896	1	4
-2.633150467755359	10.30438857844724	1	4
-0.8167380497783717	-2.950531271300404	1	4
-0.1753063435092758	1.150405839934672	1	4
-1.3142418629631492	0.6118791242890651	1	4
0.6401266285375761	0.9487537762513133	1	4
-9.908411023066718	-2.7008276694144806	1	4
1.0083892705331325	-0.6052486908608863	1	4
12.947859345963693	-4.419734374094782	1	4
-4.318227290116362	-4.689141815011574	1	4
-1.561441757513135	5.5482938816278935	1	4
-2.7394476451530934	-9.28008219493662	1	4
2.1193234363826217	-0.11608002891500424	1	4
-1.258151205920725	1.7949153512867004	1	4
0.13177400654198923	-0.9152636649261281	1	4
0.12120685214388534	-0.36918678009170963	1	4
1.0319654856729281	-0.15883268267965622	1	4
0.26186044505762884	0.24523606957109384	1	4
80.28887177845102	129.47634398640844	1	4
-1.8617582348045774	-2.2272413380557348	1	4
0.05862626434141877	-0.1824861364806133	1	4
-0.24141204545740902	-0.604941259100353	1	4
-5.989565039421811	0.2509266510226553	1	4
-1.3855069947656236	-1.6198318388796056	1	4
-0.59569654995101	-0.5446495268448999	1	4
0.6662117186474179	-0.36708898711792676	1	4
1.4065473656858631	-3.3826390515041056	1	4
0.8101563457925455	-0.1389042282045058	1	4
1.7229143367991053	0.5578115121478872	1	4
10.614583744075844	14.517043715427272	1	4
0.4214891958410483	1.2874956651014875	1	4
0.299941333274379	-1.9147419804481354	1	4
3.3177988263622997	-2.7959032307793725	1	4
-2.844373078848022	3.460081453274295	1	4
1.0535892710163124	-0.9660229471439286	1	4
2.1921371778597822	-0.2573224936996637	1	4
-1.0663686753440633	0.6904582827536859	1	4
3.8144568894236066	0.4281928288902319	1	4
-10.060500466865044	-16.224082748220834	1	4
8.144717528630954	-8.201416278444645	1	4
0.9197727048012125	-3.2294749940197787	1	4
-0.47293144218278016	2.2437279183897427	1	4
-1.7499375101336807	-3.7944977868105703	1	4
-0.13900333810887852	-2.2290049426536336	1	4
-0.16977127765005812	0.3683751777249203	1	4
-4.075460532472776	7.7683311082631095	1	4
-0.47515396668297205	1.3829841989539582	1	4
0.13197977159668467	-2.238221578117808	1	4
-2.4651942716600965	-3.1021264484264774	1	4
-5.214856761508538	-1.7689869347475893	1	4
0.4195163856340332	-0.48856322956795856	1	4
4.691547583779919	1.6363929156229964	1	4
-0.41471333922049997	0.41172007152536616	1	4
-4.559671664201833	0.5111606187456819	1	4
0.6746795658128727	2.0194087858341585	1	4
-0.6189679455935229	0.0846467222443653	1	4
-1.6853968571094429	-1.4527490371769265	1	4
-2.986134126930179	0.8413252656145401	1	4
-0.41483975201288803	-0.5826386175317685	1	4
-2.821722443773812	0.8712691976818003	1	4
-6.6483342342833724	1.02491667182152	1	4
-0.3018349126956641	-0.047698989708654535	1	4
1.5745519541858994	-3.6164562367282445	1	4
86.97952429390867	-61.96505538307436	1	4
-0.26201352613101353	-0.48081818151558375	1	4
-0.6086027561273435	0.13576903393405584	1	4
0.4922857219162889	-0.3970967027601577	1	4
0.5030999427157028	0.2812597433372841	1	4
-2.395524535871743	-1.830501714054727	1	4
2.9188374261225287	2.398325717450889	1	4
0.643101618307101	0.9464501477360188	1	4
-6.7979081191027895	-5.18290119657659	1	4
-0.17334378619943822	-2.1732946590035036	1	4
-1.2053433848827992	-1.0113265712710067	1	4
0.7007640291445864	-0.3557269284536686	1	4
-2.1647035204199994	1.8698727617983453	1	4
-1.2679611480218136	-1.4826974466044636	1	4
0.06254458239224307	0.15723250754720708	1	4
0.5595447061679952	-1.5944079720194015	1	4
0.6978517256592784	0.3783295034646171	1	4
6.0491325016975415	27.83994550004009	1	4
0.5684221187570826	0.12826813018783934	1	4
-0.2518476113345951	0.38087834286098926	1	4
2.1208613488906174	-1.0409035531454607	1	4
1.0026579866686267	-0.20060828501256187	1	4
-0.24775957221513908	-1.705230092739264	1	4
-0.5804847731838118	1.0515980776317653	1	4
1.2635865517246132	0.4663626834999861	1	4
-1.2044153506473592	-0.9433759967616416	1	4
-1.8219939878370615	0.005579274060916628	1	4
-23.312339467808112	-37.81063516232725	1	4
0.15337735013317294	-0.04665224680018668	1	4
0.46425812170024416	1.1859970696412854	1	4
2.208845681818301	-0.31335656391036293	1	4
1.4787560083954967	-2.218370380283134	1	4
1.1065726514123642	0.2203283525330776	1	4
-0.4892923763109463	-4.377929498474708	1	4
0.3313820452617026	0.1296696233764071	1	4
0.09057825884951845	0.5072854633999676	1	4
3.2117740983510576	-1.80009321626774	1	4
-0.30794228785718536	-0.6977995189361605	1	4
-7.18109020709945	2.5875876325338267	1	4
-0.38035859397979344	1.1206711957477085	1	4
0.47697772937812616	0.9434167728883582	1	4
2.5392719776018287	-1.7979404453575818	1	4
0.6793162481318148	-0.25629393806975154	1	4
0.31016001474068894	-0.9591445099982052	1	4
0.8339249749091411	1.1748967444429679	1	4
-2.988467710755009	-4.166312943534127	1	4
1.2140538811481345	-1.9782697970857095	1	4
-1.3280187986016814	0.3381551345280194	1	4
3.9318829806288935	-5.761728012866848	1	4
0.8395374157314438	0.8366887587869578	1	4
-3.3047851121349328	1.212917270357246	1	4
-6.1038298500450825	-6.696970055816027	1	4
0.8338716674957816	0.41835147144657253	1	4
0.9815805115225074	-3.5729480312981803	1	4
1.2241344358305748	0.47256210152945965	1	4
0.10140008974559242	0.06470450953508855	1	4
2.0036036426365933	-2.155951562232992	1	4
-0.2535552605704194	-0.38294428597093494	1	4
0.3567169896803598	0.9475202085316957	1	4
0.2310976197797544	0.7979559665202077	1	4
-0.21812718591615105	0.4083232546282505	1	4
2.1933096795668385	-1.3301399394134796	1	4
6.313195215230514	2.7004910257114796	1	4
-0.15368164834809486	1.2261755080287111	1	4
0.19923149728092923	-0.16223450310358692	1	4
-0.7827365124897787	-0.2662575836535283	1	4
-3.017657249190211	-1.8522102338024526	1	4
-1.1089197231048973	-0.3743208203322468	1	4
10.842344144224256	-13.336445406145973	1	4
6.907067117112122	5.512282767943856	1	4
1.0947813776452775	-0.18274372029107874	1	4
-0.21034656339207194	1.909254763637411	1	4
-1.7604101870731481	-0.04308616522085479	1	4
0.6636833195111377	0.5108104130292961	1	4
-4.5462710904490775	0.28447410774926474	1	4
8.28447797876381	6.935551526450106	1	4
-4.890473078833617	-6.2878442174956675	1	4
0.48579462662229556	-2.326926149645206	1	4
-2.422098012576263	1.1211036409104849	1	4
-5.79851293057	-0.27193267120592335	1	4
0.3646690116915415	0.9737974040165037	1	4
2.348824706184183	-6.564230376432581	1	4
-151.52313231292388	183.49033732321612	1	4
0.631995523132131	-0.16549689710572016	1	4
0.0997736958963329	0.6394955182402483	1	4
-0.06670381639940597	0.45989664728129814	1	4
-0.12678761307751477	0.27130410479792844	1	4
-1.14402957193908	-2.280819856964799	1	4
3.1372975219764814	6.191441969330354	1	4
-1.6854181038573726	0.4554691044056459	1	4
-1.8002158970317883	-1.812804411939737	1	4
0.13679368206495354	2.3834447096513856	1	4
0.7971017163367959	0.3963356772589074	1	4
-1.3121936996232921	1.6162828374117815	1	4
0.6245562392473845	-0.7034728484907113	1	4
-11.953708066128282	-8.21947883763526	1	4
-45.14947381220029	30.016147442740095	1	4
-0.43468682154419186	2.9589578086728276	1	4
-0.4173614653678202	-1.229070982670012	1	4
0.05502847910276688	-1.2731241665591349	1	4
0.5021761477773643	-0.3107817925286665	1	4
-2.6342984243107517	2.150341854035977	1	4
-0.28882298441292614	-0.464218224960778	1	4
1.1087179630570634	0.1199176627511885	1	4
-0.6603353462031076	-1.6433243576079841	1	4
0.918970530864075	-0.06652201235500857	1	4
-9.092379374910116	-5.535121224895384	1	4
0.5880171104389655	4.3746428717263095	1	4
-0.4055143996445094	-0.8949697658170348	1	4
107.86178963356849	-20.34448951032321	1	4
2.9121668963005622	0.6289045566610445	1	4
5.133991849006618	-3.1557799881223887	1	4
-1.058029015873173	3.6782357575393876	1	4
0.5446884345079526	-0.13135946973443685	1	4
0.14827151808093786	-0.6794170702889084	1	4
2.0272849240574065	-0.21069657467204003	1	4
-2.3062345641068718	1.8434318796970703	1	4
-0.3136143676617355	-1.7018206855644564	1	4
-0.1987493199574496	0.5424461924577982	1	4
-1.7210333761818648	-1.0661558942005611	1	4
-0.07463828875478361	-1.1462845795237953	1	4
-3.609593553797242	-3.422484289229403	1	4
3.7244157726400093	-3.0178973540206435	1	4
-0.3506549716355377	-0.25959910940670705	1	4
-0.31327817835529953	3.1063839032312965	1	4
0.7892160705586622	0.5388465219265255	1	4
0.06973657971503117	-0.2926629737334992	1	4
-2.116768411189837	-1.0508252281436423	1	4
75.8901512766392	-98.81992269748181	1	4
-1.1916398040099587	-0.5448528470027745	1	4
0.9828403427418568	0.5404388984149451	1	4
1.0016474079265965	-0.23547585482354055	1	4
-0.5099593029431382	-0.1839186304163015	1	4
-0.10421140584131122	-1.766280701273274	1	4
4.122861724159866	-3.9488620864496893	1	4
5.327081955558001	4.637329426344412	1	4
0.8030809271836398	1.3010918836342698	1	4
-0.09442933074925944	-0.4654582179108398	1	4
0.4012866052955494	-0.5388834940373645	1	4
0.49830090449671555	-0.8117584401021278	1	4
-1.3844497552328192	0.12037758689336883	1	4
-1.5290085289888475	0.3332648488377264	1	4
-0.7104692894455593	-0.06287035389909319	1	4
3.247885180035287	-0.532092363756272	1	4
-1.1474176494271233	-0.39518982734191277	1	4
0.7851964125901623	0.07386357097317384	1	4
5.450832169761817	0.8923626558752257	1	4
-2.0783218436011786	1.4821884272266455	2	4
-2.8167075230472904	-0.2991442546281636	2	4
-3.1757098283772436	0.7137817494316084	2	4
0.8239749276003326	-4.620650245760733	2	4
-2.490369215696576	1.4183686861256888	2	4
-4.5489382954310775	0.021698899656118965	2	4
-0.6053357595632295	0.7789009917586736	2	4
-3.254662302392995	1.5470497827725709	2	4
5.088829800973538	2.2365719067571685	2	4
-3.057830910580085	0.3025208592083072	2	4
-3.6436716243250595	1.0823911657639345	2	4
-3.1447688942800682	-0.29668733935321695	2	4
-2.75538650161473	-0.19190634955413072	2	4
-8.195553431027253	-4.50501940294398	2	4
-0.10072602058616299	-0.8203546834990038	2	4
-5.671446176148069	-0.2862267590788551	2	4
-1.1055417305120843	1.5180766638272398	2	4
-1.153373397526583	-1.0777132269006864	2	4
-2.4939661359451843	1.7194516753289373	2	4
-2.643924945422606	0.0187522053235209	2	4
-2.512767466153001	0.24079377649002243	2	4
0.3618165419684016	-9.256864486819547	2	4
-4.552599338840496	-1.5984931104843163	2	4
-2.922257835437674	0.40915042810292584	2	4
-5.921388663941422	1.8327432847267398	2	4
-2.4891693796738648	-0.563708277729996	2	4
-0.4921241817702329	0.04557471187976825	2	4
-0.6446771891046286	-0.686941638580013	2	4
-1.232306551369695	1.6630574119497175	2	4
-2.0200849863435613	1.039446054715264	2	4
-3.437087205581697	-0.9869832298237118	2	4
-1.6554279190957029	0.7876502194909643	2	4
22.136268621310634	-9.105125358783285	2	4
-41.948515952062166	0.5460713586016459	2	4
-1.4937543510695046	-0.2704000061365468	2	4
-4.204897143134293	1.0418436182535031	2	4
-4.251369683551134	-1.6797833619665021	2	4
-2.8002464511989467	0.40531163239533835	2	4
-9.020808065339265	-0.08795754600699592	2	4
-5.015121889868452	-2.9243313796583066	2	4
0.17075175196317374	-0.13359992333000043	2	4
-4.444339648134587	0.2531741198387142	2	4
-7.002138702866438	1.84584636801494	2	4
-5.2275071264754365	-0.6402055963019506	2	4
0.2725448645247256	1.7255306182761925	2	4
-52.83733960697267	13.651032452528897	2	4
-0.8828922267494986	1.9676812770369065	2	4
-3.0740707331337993	0.20148640538627702	2	4
0.028044221574753104	-11.350154931395593	2	4
0.7101450749630313	0.4977275348211101	2	4
4.8035371144549694	-7.900183357604233	2	4
-2.3999522485787903	0.4514151272744079	2	4
4.4317558652414695	-5.679264252628264	2	4
5.702552011530598	-4.002445375667943	2	4
-13.380654619023868	-5.337829323836961	2	4
-2.472359370258456	-1.413727135324702	2	4
-1.5572375133542136	0.9004988805828832	2	4
6.82624192369543	-1.5944378501224337	2	4
-3.2731959502825103	-0.9756407238995656	2	4
5.494690377649536	5.792403293237494	2	4
-3.416023747243804	0.873659842863479	2	4
-0.15092541915292182	-1.1264536564867338	2	4
-5.097417317340236	-0.19750354776944912	2	4
-2.88306684134095	0.11266269611976291	2	4
-5.271954436163832	0.0185986024260498	2	4
13.143189474339385	-2.412036698437651	2	4
-5.02311157460389	-0.6178467995558072	2	4
-6.709209544520652	1.3043351322362589	2	4
-3.6313063799463206	0.10442064961199339	2	4
-0.9700978064610957	-0.2669828282358805	2	4
-14.120430247147109	-1.4195014295654174	2	4
-2.8232331275122173	-0.616927221838827	2	4
-4.803061825893932	1.2354511162348663	2	4
-2.7848753679842377	2.93710828663313	2	4
-1.3918137086668954	-0.20954356437899332	2	4
-1.0026872521319743	-1.1948516255666595	2	4
-9.589746123936381	-2.528087793173005	2	4
-2.332596153433323	0.9046996450724046	2	4
-3.4794121169603613	-0.6279802497941798	2	4
-3.88026773689952	0.04725817256801663	2	4
0.5636623311642718	0.9778884391238216	2	4
-2.25975282051143	-0.16029687483237523	2	4
1.5810793259567506	-0.07627675318809468	2	4
11.61696009469344	10.57398428664576	2	4
-3.9512826666857177	1.7649119663515818	2	4
2.9840211647161916	-1.259682616928025	2	4
7.806139489053823	0.45869254728038594	2	4
-0.13724902212017037	1.9411729435559442	2	4
-9.321501588769891	0.6474056714241829	2	4
-3.255121789719884	0.31868990182833035	2	4
-3.078515409169465	-1.1252456788806866	2	4
-7.745313646697315	0.5004025021217824	2	4
-10.507616420883227	-2.683560947860002	2	4
-0.30067643827677376	-0.10785538989591843	2	4
-2.392828860986786	1.2471392570191504	2	4
-3.70389283632913	-0.693164696671181	2	4
-2.678290283756009	-0.5387921238899628	2	4
3.9154586655954016	1.9785915891916417	2	4
-6.108361575719462	0.453106510804343	2	4
-3.1463880028443514	-0.387663188712842	2	4
-4.825433132727486	-0.2167491435674755	2	4
7.17090574913568	-10.858016416274191	2	4
-5.908021839335422	0.19371439956276842	2	4
-4.191141399179002	-2.2175183650048007	2	4
-2.591616737831698	1.4337880715776976	2	4
-2.294346771331333	0.7697077458868437	2	4
-2.785327328263438	0.5003740962395237	2	4
-3.963360054054833	0.30882389865829124	2	4
-2.402114597282364	0.09715861068508316	2	4
-1.7031596367588502	0.6187101981096144	2	4
-4.160158150101545	0.5723737004117601	2	4
-0.972001719629644	0.2899140240821186	2	4
-3.880820449514301	-0.45510154054421703	2	4
-3.1799067242796992	0.01920950147043586	2	4
-5.57015944073975	1.2051407817012338	2	4
-3.98649514614421	-0.199573194720211	2	4
-3.9611514088446027	0.18815739616839522	2	4
-6.027714609108145	0.9359754355137174	2	4
-4.895020425940936	-0.9911861504539676	2	4
-0.4120117007968221	1.5657824535519806	2	4
-2.5055075977856722	-0.21504840812863432	2	4
-2.8174942370245994	-0.009645348102989788	2	4
-4.7817436411314675	0.4727610712937316	2	4
-2.3558874734531563	-0.5103395043038016	2	4
-2.569613092050839	0.3339058922318788	2	4
-3.477357150525066	-0.6350396155002306	2	4
1.6648266752438745	1.413687243553684	2	4
2.793999370328704	-0.3221454568983403	2	4
-2.0741131860984394	1.1584343203437668	2	4
-3.9474907362891396	-3.3167621979103044	2	4
-4.733166322397439	0.5921509356211212	2	4
-2.0305272893796795	-1.9458715597439453	2	4
-3.3828837747128557	-0.1380824134469509	2	4
25.681299678287772	4.831612731893284	2	4
-1.4297496913981163	0.8888230991365333	2	4
-4.768159343801885	0.6627131155138093	2	4
-2.4294454977890405	-0.4755184806476452	2	4
-4.592100199759818	-0.9823230039516502	2	4
-3.4918028880333423	0.29108611149761154	2	4
-1.1758352047298788	-1.755478571175891	2	4
-6.234326782289442	1.861605946523781	2	4
-5.800681050388369	-0.5729025847465387	2	4
-5.256328234930516	-0.09977124165545004	2	4
-0.37760450916050514	2.108912227921058	2	4
-5.784824866710948	-11.65091996357312	2	4
-4.308640671706385	-0.2154872932477796	2	4
-2.7756735242313737	0.667181148317695	2	4
-2.8412542448921307	1.4387473413275567	2	4
3.509518064632876	-6.3305917633399345	2	4
-3.6866363709751653	-0.31917030000468416	2	4
1.4782893264851042	2.7763153774781353	2	4
-17.60821088376709	-1.3776105042605642	2	4
-4.544234144305082	-0.2871872008942262	2	4
-2.4047021439078913	-0.1425837891997483	2	4
-2.1435247626365075	0.33671584284224765	2	4
-6.895765028480669	1.3080831515844358	2	4
-2.462395185729394	0.40831200316760335	2	4
-5.576488151102305	-0.3729034025988927	2	4
-5.15459936035753	0.43717349560456886	2	4
-4.856172934965028	0.1467008944191058	2	4
-3.2143668762052657	-0.5541677595564093	2	4
-4.112150707677233	0.5025203899499262	2	4
-1.0585718939903206	-0.6926480882695306	2	4
-5.457654443291873	-0.4840244869437093	2	4
15.770458425568682	9.62244741857452	2	4
-3.6229640006117956	-0.8121535284119408	2	4
-5.584432746465657	0.37574925093679656	2	4
-0.8195348611018353	0.06983555139015943	2	4
-2.240676270166539	-0.11382618067327009	2	4
-3.7419561756847455	-0.07569018760702725	2	4
-0.4649238168091788	1.3429258474341543	2	4
-7.08218095108794	-0.23855169701318565	2	4
-1.6987982349571444	0.06489224055829912	2	4
-4.354053043095945	7.8934671777237755	2	4
-4.7338525136774825	1.2348251021299028	2	4
-4.498688831202269	1.2585654047349772	2	4
-2.9482161293011324	-2.1123106690771447	2	4
-3.6982805800577734	-0.7712710037407425	2	4
-0.4684941340308654	2.397959143879636	2	4
-1.5707881371714048	-0.5491393637733397	2	4
-1.166712278028396	-0.009386869712800134	2	4
-2.6632907844969136	0.37610701508604066	2	4
-2.1596203107491916	0.35881524495112915	2	4
0.21043243113959945	1.0734654280352307	2	4
-4.604586954382124	1.5045975197382024	2	4
-3.8927993361973	-0.19335084206677822	2	4
-1.557127225679965	0.623648381258707	2	4
-5.968380980455752	0.3703322001800353	2	4
21.058096773186413	-3.1236252893585013	2	4
-1.4149877408421467	1.1201156314977248	2	4
-5.821318974877362	-0.32060267498579437	2	4
-1.7925888952924938	-1.162733443559214	2	4
-4.0482082484590185	-0.17668602271585146	2	4
-1.1085475309482615	0.8195652641840995	2	4
-22.576686408932613	-9.391219058290252	2	4
-3.931121770417604	0.7472355123713555	2	4
-7.184330062382786	-2.9914875283743045	2	4
-11.212829056610724	0.8385755146615812	2	4
0.9279634002511168	-0.14571294605063664	2	4
-6.949610041275383	-1.4891539002483345	2	4
-0.6892118587690972	0.29751437492789046	2	4
-2.717062164386594	-0.9405183374722192	2	4
-4.731623213352402	-1.4692397170637541	2	4
-2.645436261900932	0.498692256095297	2	4
0.28245176400963273	-1.5806287934300896	2	4
-3.039216876908349	-0.2709178397635403	2	4
-3.5966509658156323	2.008378035687663	2	4
-3.4372329523406715	0.556682071648296	2	4
-1.782016816970975	-0.46362888128098834	2	4
-1.289946308785023	1.48228339380986	2	4
5.574969502596554	3.503718433880187	2	4
-5.486464465376437	3.0219331479922307	2	4
1.5782565763368999	-1.3992055971492916	2	4
-1.0295079075603033	-0.7275817260596401	2	4
-9.934155903908353	-0.21833186709581276	2	4
-3.5814808592572698	0.6072783557746474	2	4
-3.7001810446151877	-0.3791903477224402	2	4
-2.715102661648379	0.9956650239028678	2	4
-3.6421532169236155	-0.6718506082598243	2	4
-10.618437330270053	1.0681618896338587	2	4
-3.6449949890608027	-1.5285305602419343	2	4
-2.3237150876832695	0.6545419261738119	2	4
-2.716124994668583	0.28353607601969566	2	4
-3.5122629353921067	2.1669059761873806	2	4
-3.120431109628731	-2.840567311542489	2	4
-2.833924445567068	-1.1299751374461477	2	4
-1.1411807027156338	1.185734517302683	2	4
-1.285362480164218	4.206439280872766	2	4
